-- 食光菜谱 V47 MySQL 数据库结构
-- 目标库名：recipe；字符集：utf8mb4；引擎：InnoDB。
-- 可直接在 Navicat 的 joker/root 连接中新建查询执行。

SET NAMES utf8mb4;
CREATE DATABASE IF NOT EXISTS `recipe` DEFAULT CHARACTER SET utf8mb4 COLLATE utf8mb4_unicode_ci;
USE `recipe`;

SET FOREIGN_KEY_CHECKS = 0;
DROP VIEW IF EXISTS `v_recipe_full`;
DROP TABLE IF EXISTS `recipe_image`;
DROP TABLE IF EXISTS `recipe_step`;
DROP TABLE IF EXISTS `recipe_tag`;
DROP TABLE IF EXISTS `tag`;
DROP TABLE IF EXISTS `recipe_ingredient`;
DROP TABLE IF EXISTS `ingredient`;
DROP TABLE IF EXISTS `recipe`;
SET FOREIGN_KEY_CHECKS = 1;

CREATE TABLE `recipe` (
  `recipe_id` VARCHAR(20) NOT NULL COMMENT '菜谱编号，如 R0001',
  `recipe_name` VARCHAR(100) NOT NULL COMMENT '菜名',
  `recipe_image` VARCHAR(255) NOT NULL DEFAULT '' COMMENT '封面图路径',
  `category` VARCHAR(50) DEFAULT NULL COMMENT '菜品类型，如热菜/凉菜/主食',
  `taste` VARCHAR(50) DEFAULT NULL COMMENT '口味',
  `cooking_method` VARCHAR(50) DEFAULT NULL COMMENT '烹饪方式',
  `cooking_time` VARCHAR(50) DEFAULT NULL COMMENT '展示用烹饪时长',
  `cooking_minutes` INT DEFAULT NULL COMMENT '数值化烹饪分钟数',
  `difficulty` VARCHAR(50) DEFAULT NULL COMMENT '难度',
  `calories` VARCHAR(80) DEFAULT NULL COMMENT '热量文本',
  `calories_value` INT DEFAULT NULL COMMENT '每100g热量估算值',
  `calorie_level` VARCHAR(50) DEFAULT NULL COMMENT '热量等级',
  `health_type` VARCHAR(255) DEFAULT NULL COMMENT '健康标签聚合',
  `suitable_season` VARCHAR(255) DEFAULT NULL COMMENT '适合季节聚合',
  `suitable_scene` VARCHAR(255) DEFAULT NULL COMMENT '适合场景聚合',
  `suitable_festival` VARCHAR(255) DEFAULT NULL COMMENT '适合节日聚合',
  `source` VARCHAR(100) DEFAULT NULL COMMENT '数据来源',
  `created_time` TIMESTAMP NOT NULL DEFAULT CURRENT_TIMESTAMP,
  `updated_time` TIMESTAMP NOT NULL DEFAULT CURRENT_TIMESTAMP ON UPDATE CURRENT_TIMESTAMP,
  PRIMARY KEY (`recipe_id`),
  KEY `idx_recipe_name` (`recipe_name`),
  KEY `idx_recipe_health` (`health_type`),
  KEY `idx_recipe_scene` (`suitable_scene`),
  KEY `idx_recipe_calorie` (`calories_value`),
  KEY `idx_recipe_time` (`cooking_minutes`),
  KEY `idx_recipe_method` (`cooking_method`),
  KEY `idx_recipe_taste` (`taste`)
) ENGINE=InnoDB DEFAULT CHARSET=utf8mb4 COLLATE=utf8mb4_unicode_ci COMMENT='菜谱主表';

CREATE TABLE `ingredient` (
  `ingredient_id` INT NOT NULL AUTO_INCREMENT COMMENT '食材ID',
  `ingredient_name` VARCHAR(100) NOT NULL COMMENT '食材名称',
  `ingredient_type` VARCHAR(50) DEFAULT NULL COMMENT '食材分类',
  `alias` VARCHAR(255) NOT NULL DEFAULT '' COMMENT '同义词/归一名称',
  `is_allergen` TINYINT(1) NOT NULL DEFAULT 0 COMMENT '是否常见过敏源',
  `common_incompatible_ingredients` TEXT COMMENT '常见慎搭食材，当前版本保留字段',
  `incompatible_note` TEXT COMMENT '慎搭说明，当前版本保留字段',
  `allergen_type` VARCHAR(255) NOT NULL DEFAULT '' COMMENT '过敏源类型',
  `notes` VARCHAR(255) NOT NULL DEFAULT '',
  PRIMARY KEY (`ingredient_id`),
  UNIQUE KEY `uk_ingredient_name` (`ingredient_name`),
  KEY `idx_ingredient_name` (`ingredient_name`),
  KEY `idx_ingredient_type` (`ingredient_type`),
  KEY `idx_ingredient_allergen` (`is_allergen`)
) ENGINE=InnoDB DEFAULT CHARSET=utf8mb4 COLLATE=utf8mb4_unicode_ci COMMENT='食材表';

CREATE TABLE `recipe_ingredient` (
  `id` INT NOT NULL AUTO_INCREMENT,
  `recipe_id` VARCHAR(20) NOT NULL,
  `ingredient_id` INT NOT NULL,
  `ingredient_role` VARCHAR(50) DEFAULT NULL COMMENT '主料/辅料/调味料',
  `amount` VARCHAR(100) DEFAULT NULL COMMENT '用量文本',
  `required_status` VARCHAR(50) NOT NULL DEFAULT '必需',
  `substitute` VARCHAR(255) NOT NULL DEFAULT '',
  PRIMARY KEY (`id`),
  UNIQUE KEY `uk_recipe_ingredient` (`recipe_id`, `ingredient_id`, `ingredient_role`, `amount`),
  KEY `idx_recipe_ing_recipe` (`recipe_id`),
  KEY `idx_recipe_ing_ing` (`ingredient_id`),
  CONSTRAINT `fk_recipe_ingredient_recipe` FOREIGN KEY (`recipe_id`) REFERENCES `recipe` (`recipe_id`) ON DELETE CASCADE ON UPDATE CASCADE,
  CONSTRAINT `fk_recipe_ingredient_ingredient` FOREIGN KEY (`ingredient_id`) REFERENCES `ingredient` (`ingredient_id`) ON DELETE CASCADE ON UPDATE CASCADE
) ENGINE=InnoDB DEFAULT CHARSET=utf8mb4 COLLATE=utf8mb4_unicode_ci COMMENT='菜谱-食材关系表';

CREATE TABLE `recipe_step` (
  `step_id` INT NOT NULL AUTO_INCREMENT,
  `recipe_id` VARCHAR(20) NOT NULL,
  `step_no` INT NOT NULL COMMENT '步骤序号，从1开始',
  `step_text` TEXT NOT NULL COMMENT '步骤说明',
  `step_image` VARCHAR(255) NOT NULL DEFAULT '' COMMENT '步骤图路径',
  PRIMARY KEY (`step_id`),
  UNIQUE KEY `uk_recipe_step` (`recipe_id`, `step_no`),
  KEY `idx_step_recipe` (`recipe_id`),
  CONSTRAINT `fk_recipe_step_recipe` FOREIGN KEY (`recipe_id`) REFERENCES `recipe` (`recipe_id`) ON DELETE CASCADE ON UPDATE CASCADE
) ENGINE=InnoDB DEFAULT CHARSET=utf8mb4 COLLATE=utf8mb4_unicode_ci COMMENT='菜谱步骤表';

CREATE TABLE `recipe_image` (
  `image_id` INT NOT NULL AUTO_INCREMENT,
  `recipe_id` VARCHAR(20) NOT NULL,
  `image_type` ENUM('cover','step','extra') NOT NULL DEFAULT 'step',
  `image_path` VARCHAR(255) NOT NULL,
  `sort_order` INT NOT NULL DEFAULT 0,
  `step_no` INT DEFAULT NULL,
  PRIMARY KEY (`image_id`),
  KEY `idx_recipe_image_path` (`recipe_id`, `image_path`),
  KEY `idx_image_recipe` (`recipe_id`),
  CONSTRAINT `fk_recipe_image_recipe` FOREIGN KEY (`recipe_id`) REFERENCES `recipe` (`recipe_id`) ON DELETE CASCADE ON UPDATE CASCADE
) ENGINE=InnoDB DEFAULT CHARSET=utf8mb4 COLLATE=utf8mb4_unicode_ci COMMENT='菜谱图片表';

CREATE TABLE `tag` (
  `tag_id` INT NOT NULL AUTO_INCREMENT,
  `tag_name` VARCHAR(100) NOT NULL,
  `tag_type` VARCHAR(50) NOT NULL COMMENT '菜品类型/口味/做法/难度/热量等级/健康/季节/场景/节日',
  `description` VARCHAR(255) NOT NULL DEFAULT '',
  PRIMARY KEY (`tag_id`),
  UNIQUE KEY `uk_tag_name_type` (`tag_name`, `tag_type`),
  KEY `idx_tag_name` (`tag_name`),
  KEY `idx_tag_type` (`tag_type`)
) ENGINE=InnoDB DEFAULT CHARSET=utf8mb4 COLLATE=utf8mb4_unicode_ci COMMENT='检索标签表';

CREATE TABLE `recipe_tag` (
  `id` INT NOT NULL AUTO_INCREMENT,
  `recipe_id` VARCHAR(20) NOT NULL,
  `tag_id` INT NOT NULL,
  PRIMARY KEY (`id`),
  UNIQUE KEY `uk_recipe_tag` (`recipe_id`, `tag_id`),
  KEY `idx_recipe_tag_recipe` (`recipe_id`),
  KEY `idx_recipe_tag_tag` (`tag_id`),
  CONSTRAINT `fk_recipe_tag_recipe` FOREIGN KEY (`recipe_id`) REFERENCES `recipe` (`recipe_id`) ON DELETE CASCADE ON UPDATE CASCADE,
  CONSTRAINT `fk_recipe_tag_tag` FOREIGN KEY (`tag_id`) REFERENCES `tag` (`tag_id`) ON DELETE CASCADE ON UPDATE CASCADE
) ENGINE=InnoDB DEFAULT CHARSET=utf8mb4 COLLATE=utf8mb4_unicode_ci COMMENT='菜谱-标签关系表';

CREATE OR REPLACE VIEW `v_recipe_full` AS
SELECT
  r.`recipe_id`,
  r.`recipe_name`,
  r.`category`,
  r.`taste`,
  r.`cooking_method`,
  r.`cooking_minutes`,
  r.`difficulty`,
  r.`calories_value`,
  r.`calorie_level`,
  r.`health_type`,
  r.`suitable_season`,
  r.`suitable_scene`,
  GROUP_CONCAT(DISTINCT i.`ingredient_name` ORDER BY i.`ingredient_name` SEPARATOR '、') AS `ingredients`,
  GROUP_CONCAT(DISTINCT CONCAT(t.`tag_type`, ':', t.`tag_name`) ORDER BY t.`tag_type`, t.`tag_name` SEPARATOR '、') AS `tags`
FROM `recipe` r
LEFT JOIN `recipe_ingredient` ri ON ri.`recipe_id` = r.`recipe_id`
LEFT JOIN `ingredient` i ON i.`ingredient_id` = ri.`ingredient_id`
LEFT JOIN `recipe_tag` rt ON rt.`recipe_id` = r.`recipe_id`
LEFT JOIN `tag` t ON t.`tag_id` = rt.`tag_id`
GROUP BY r.`recipe_id`;


-- 食光菜谱 V47 MySQL 初始化数据
-- 来源：src/data/recipes.json 自动生成，请勿手工改写本文件。

SET NAMES utf8mb4;
USE `recipe`;
SET FOREIGN_KEY_CHECKS = 0;

INSERT INTO `recipe` (`recipe_id`, `recipe_name`, `recipe_image`, `category`, `taste`, `cooking_method`, `cooking_time`, `cooking_minutes`, `difficulty`, `calories`, `calories_value`, `calorie_level`, `health_type`, `suitable_season`, `suitable_scene`, `suitable_festival`, `source`) VALUES
('R0001', '番茄炒蛋', 'assets/recipes/R0001/cover.jpg', '热菜', '酸甜', '炒', '15分钟', 15, '新手', '约120千卡/100g', 120, '低卡', '低脂', '四季通用', '早餐、减脂', '无', '下厨房'),
('R0002', '清蒸鲈鱼', 'assets/recipes/R0002/cover.jpg', '热菜', '清淡', '蒸', '30分钟', 30, '简单', '约110千卡/100g', 110, '低卡', '降压、低脂、滋补', '四季通用', '减脂、养生', '年夜饭', '美食杰'),
('R0003', '凉拌黄瓜', 'assets/recipes/R0003/cover.jpg', '凉菜', '清淡', '凉拌', '5分钟', 5, '新手', '约45千卡/100g', 45, '超低卡', '低卡、低脂、清火', '夏', '减脂、早餐', '无', '豆果美食'),
('R0004', '杂粮粥', 'assets/recipes/R0004/cover.jpg', '汤羹', '清淡', '煮', '60分钟', 60, '简单', '约80千卡/100g', 80, '低卡', '控糖、降压、养胃', '四季通用', '早餐、养生', '无', '下厨房'),
('R0005', '香椿炒鸡蛋', 'assets/recipes/R0005/cover.jpg', '热菜', '咸鲜', '炒', '10分钟', 10, '新手', '约135千卡/100g', 135, '低卡', '滋补', '春', '早餐', '无', '美食天下'),
('R0006', '当归生姜羊肉汤', 'assets/recipes/R0006/cover.jpg', '汤羹', '咸鲜', '炖', '60分钟', 60, '中等', '约180千卡/100g', 180, '低卡', '滋补、经期适用、养胃', '冬', '生理期、养生', '春节', '百度百科'),
('R0007', '清炒茼蒿', 'assets/recipes/R0007/cover.jpg', '热菜', '清淡', '炒', '5分钟', 5, '新手', '约35千卡/100g', 35, '超低卡', '低卡、降压、低脂、清火', '春、秋', '减脂、养生', '无', '豆果美食'),
('R0008', '油焖春笋', 'assets/recipes/R0008/cover.jpg', '热菜', '咸鲜', '焖', '20分钟', 20, '简单', '约90千卡/100g', 90, '低卡', '低脂', '春', '养生', '无', '美食杰'),
('R0009', '白灼芦笋', 'assets/recipes/R0009/cover.jpg', '凉菜', '清淡', '煮', '10分钟', 10, '新手', '约30千卡/100g', 30, '超低卡', '低卡、低脂、降压、清火', '春、夏', '减脂、养生', '无', '下厨房'),
('R0010', '红烧排骨', 'assets/recipes/R0010/cover.jpg', '热菜', '咸鲜', '焖', '60分钟', 60, '中等', '约280千卡/100g', 280, '中热量', '滋补', '四季通用', '家庭正餐', '年夜饭、中秋', '美食天下'),
('R0011', '冬瓜丸子汤', 'assets/recipes/R0011/cover.jpg', '汤羹', '清淡', '煮', '20分钟', 20, '简单', '约60千卡/100g', 60, '低卡', '低卡、低脂、养胃、清火', '夏、秋', '午餐、晚餐、减脂', '无', '美食杰'),
('R0012', '麻婆豆腐', 'assets/recipes/R0012/cover.jpg', '热菜', '麻辣', '烧', '15分钟', 15, '简单', '约150千卡/100g', 150, '低卡', '高蛋白、低脂', '四季通用', '午餐、晚餐、聚餐', '无', '美食天下'),
('R0013', '凉拌海带丝', 'assets/recipes/R0013/cover.jpg', '凉菜', '酸辣', '凉拌', '10分钟', 10, '新手', '约30千卡/100g', 30, '超低卡', '低卡、低脂、降压、高纤维', '夏、秋', '减脂、晚餐、开胃', '无', '豆果美食'),
('R0014', '香菇滑鸡', 'assets/recipes/R0014/cover.jpg', '热菜', '咸鲜', '蒸', '25分钟', 25, '简单', '约130千卡/100g', 130, '低卡', '低脂、高蛋白、滋补', '四季通用', '午餐、晚餐、养生', '无', '下厨房'),
('R0015', '紫薯粥', 'assets/recipes/R0015/cover.jpg', '汤羹', '香甜', '煮', '40分钟', 40, '简单', '约70千卡/100g', 70, '低卡', '控糖、高纤维、养胃', '四季通用', '早餐、减脂、养生', '无', '美食杰'),
('R0016', '清炒西兰花', 'assets/recipes/R0016/cover.jpg', '热菜', '清淡', '炒', '5分钟', 5, '新手', '约34千卡/100g', 34, '超低卡', '低卡、低脂、高纤维、抗氧化', '四季通用', '减脂、晚餐、养生', '无', '中国居民膳食指南'),
('R0017', '茶叶蛋', 'assets/recipes/R0017/cover.jpg', '小吃', '咸香', '卤', '60分钟', 60, '简单', '约140千卡/100g', 140, '低卡', '高蛋白、低脂', '四季通用', '早餐、加餐、宵夜', '无', '美食天下'),
('R0018', '番茄牛腩汤', 'assets/recipes/R0018/cover.jpg', '汤羹', '酸甜', '炖', '90分钟', 90, '中等', '约120千卡/100g', 120, '低卡', '高蛋白、低脂、养胃、滋补', '秋、冬', '午餐、晚餐、养生、聚餐', '春节', '下厨房'),
('R0019', '凉拌豆腐', 'assets/recipes/R0019/cover.jpg', '凉菜', '清淡', '凉拌', '5分钟', 5, '新手', '约50千卡/100g', 50, '超低卡', '低卡、低脂、高蛋白、养胃', '四季通用', '减脂、早餐、晚餐', '无', '豆果美食'),
('R0020', '香煎鸡胸肉', 'assets/recipes/R0020/cover.jpg', '热菜', '咸鲜', '煎', '15分钟', 15, '简单', '约165千卡/100g', 165, '低卡', '高蛋白、低脂、减脂', '四季通用', '减脂、午餐、晚餐', '无', '中国居民膳食指南'),
('R0021', '小米粥', 'assets/recipes/R0021/cover.jpg', '汤羹', '清淡', '煮', '30分钟', 30, '新手', '约46千卡/100g', 46, '低卡', '养胃、控糖、低脂', '四季通用', '早餐、养生、养胃', '无', '美食杰'),
('R0022', '鱼香肉丝', 'assets/recipes/R0022/cover.jpg', '热菜', '鱼香', '炒', '20分钟', 20, '中等', '约140千卡/100g', 140, '低卡', '高蛋白、低脂', '四季通用', '午餐、晚餐、聚餐', '无', '美食天下'),
('R0023', '凉拌藕片', 'assets/recipes/R0023/cover.jpg', '凉菜', '酸甜', '凉拌', '10分钟', 10, '新手', '约70千卡/100g', 70, '低卡', '低卡、低脂、清火、高纤维', '夏、秋', '减脂、晚餐、开胃', '无', '下厨房'),
('R0024', '清蒸排骨', 'assets/recipes/R0024/cover.jpg', '热菜', '咸鲜', '蒸', '40分钟', 40, '简单', '约260千卡/100g', 260, '中卡', '高蛋白、滋补', '四季通用', '午餐、晚餐、聚餐', '春节、年夜饭', '豆果美食'),
('R0025', '燕麦牛奶', 'assets/recipes/R0025/cover.jpg', '饮品/早餐', '香甜', '煮', '5分钟', 5, '新手', '约90千卡/100g', 90, '低卡', '控糖、高纤维、高蛋白', '四季通用', '早餐、减脂、加餐', '无', '中国居民膳食指南'),
('R0026', '地三鲜', 'assets/recipes/R0026/cover.jpg', '热菜', '咸鲜', '炒', '20分钟', 20, '简单', '约120千卡/100g', 120, '低卡', '低脂、高纤维', '四季通用', '午餐、晚餐', '无', '美食杰'),
('R0027', '凉拌木耳', 'assets/recipes/R0027/cover.jpg', '凉菜', '酸辣', '凉拌', '10分钟', 10, '新手', '约25千卡/100g', 25, '超低卡', '低卡、低脂、高纤维、清肠', '四季通用', '减脂、晚餐、开胃', '无', '美食天下'),
('R0028', '冬瓜海带排骨汤', 'assets/recipes/R0028/cover.jpg', '汤羹', '清淡', '炖', '60分钟', 60, '简单', '约80千卡/100g', 80, '低卡', '低卡、低脂、养胃、清火', '夏、秋', '午餐、晚餐、养生', '无', '下厨房'),
('R0029', '水煮蛋蔬菜沙拉', 'assets/recipes/R0029/cover.jpg', '凉菜', '清淡', '凉拌', '10分钟', 10, '新手', '约50千卡/100g', 50, '超低卡', '低卡、低脂、高纤维、减脂', '四季通用', '减脂、早餐、晚餐', '无', '中国居民膳食指南'),
('R0030', '红烧豆腐', 'assets/recipes/R0030/cover.jpg', '热菜', '酱香', '烧', '15分钟', 15, '简单', '约130千卡/100g', 130, '低卡', '高蛋白、低脂', '四季通用', '午餐、晚餐', '无', '豆果美食'),
('R0031', '清炒豆角', 'assets/recipes/R0031/cover.jpg', '热菜', '咸鲜', '炒', '10分钟', 10, '新手', '约30千卡/100g', 30, '超低卡', '低卡、低脂、高纤维', '夏、秋', '减脂、晚餐、养生', '无', '美食天下'),
('R0032', '红啤梨水果麦片酸奶碗', 'assets/recipes/R0032/cover.jpg', '甜品/早餐', '香甜', '凉拌', '5分钟', 5, '新手', '约80千卡/100g', 80, '低卡', '控糖、高纤维、高蛋白', '四季通用', '早餐、减脂、下午茶', '无', '美食天下'),
('R0033', '宫保鸡丁', 'assets/recipes/R0033/cover.jpg', '热菜', '麻辣鲜香', '炒', '20分钟', 20, '中等', '约150千卡/100g', 150, '低卡', '高蛋白、低脂', '四季通用', '午餐、晚餐、聚餐', '无', '下厨房'),
('R0034', '凉拌菠菜', 'assets/recipes/R0034/cover.jpg', '凉菜', '清淡', '凉拌', '10分钟', 10, '新手', '约28千卡/100g', 28, '超低卡', '低卡、低脂、高纤维、补铁', '春、夏', '减脂、晚餐、养生', '无', '豆果美食'),
('R0035', '香菇鸡汤', 'assets/recipes/R0035/cover.jpg', '汤羹', '咸鲜', '炖', '60分钟', 60, '简单', '约120千卡/100g', 120, '低卡', '高蛋白、低脂、滋补、养胃', '秋、冬', '午餐、晚餐、养生、生理期', '春节', '美食杰'),
('R0036', '清炒娃娃菜', 'assets/recipes/R0036/cover.jpg', '热菜', '清淡', '炒', '5分钟', 5, '新手', '约13千卡/100g', 13, '超低卡', '低卡、低脂、高纤维、清火', '四季通用', '减脂、晚餐、养生', '无', '美食天下'),
('R0037', '全麦面包', 'assets/recipes/R0037/cover.jpg', '主食', '麦香', '烤', '120分钟', 120, '中等', '约250千卡/100g', 250, '中卡', '控糖、高纤维、低脂', '四季通用', '早餐、减脂、加餐', '无', '下厨房'),
('R0038', '凉拌土豆丝', 'assets/recipes/R0038/cover.jpeg', '凉菜', '酸辣', '凉拌', '10分钟', 10, '新手', '约77千卡/100g', 77, '低卡', '低卡、低脂、高纤维', '四季通用', '减脂、晚餐、开胃', '无', '豆果美食'),
('R0039', '茶叶虾（烤箱版）', 'assets/recipes/R0039/cover.jpg', '热菜', '咸鲜', '烤', '30分钟', 30, '新手', '约125千卡/100g', 125, '低卡', '低脂、高蛋白、补铁、补锌', '全年', '家常便饭、朋友聚餐、下酒小菜、宴客菜', '春节、中秋节、国庆节、周末家宴', '美食天下'),
('R0040', '山药排骨汤', 'assets/recipes/R0040/cover.jpeg', '汤羹', '清淡', '炖', '60分钟', 60, '简单', '约110千卡/100g', 110, '低卡', '低脂、养胃、滋补、健脾', '秋、冬', '午餐、晚餐、养生、健脾', '无', '豆果美食'),
('R0041', '清炒芥兰', 'assets/recipes/R0041/cover.jpg', '热菜', '清淡', '炒', '5分钟', 5, '新手', '约19千卡/100g', 19, '超低卡', '低卡、低脂、高纤维、清火', '春、秋', '减脂、晚餐、养生', '无', '美食杰'),
('R0042', '香蕉松饼', 'assets/recipes/R0042/cover.jpg', '甜品/早餐', '香甜', '煎', '15分钟', 15, '简单', '约200千卡/100g', 200, '中卡', '控糖、高纤维', '四季通用', '早餐、下午茶、减脂', '无', '下厨房'),
('R0043', '凉拌腐竹', 'assets/recipes/R0043/cover.jpg', '凉菜', '咸鲜', '凉拌', '10分钟', 10, '新手', '约45千卡/100g', 45, '超低卡', '低卡、低脂、高蛋白、高纤维', '四季通用', '减脂、晚餐、开胃', '无', '美食天下'),
('R0044', '冬瓜薏米排骨汤', 'assets/recipes/R0044/cover.jpg', '汤羹', '清淡', '炖', '60分钟', 60, '简单', '约90千卡/100g', 90, '低卡', '低卡、低脂、祛湿、养胃', '夏、秋', '午餐、晚餐、养生、祛湿', '无', '豆果美食'),
('R0045', '清炒空心菜', 'assets/recipes/R0045/cover.jpg', '热菜', '清淡', '炒', '5分钟', 5, '新手', '约20千卡/100g', 20, '超低卡', '低卡、低脂、高纤维、清火', '夏、秋', '减脂、晚餐、养生', '无', '豆果美食'),
('R0046', '红烧排骨', 'assets/recipes/R0046/cover.jpg', '热菜', '酱香', '烧', '60分钟', 60, '中等', '约280千卡/100g', 280, '中卡', '高蛋白、滋补', '四季通用', '午餐、晚餐、聚餐', '春节、年夜饭', '下厨房'),
('R0047', '凉拌西红柿', 'assets/recipes/R0047/cover.jpg', '凉菜', '酸甜', '凉拌', '5分钟', 5, '新手', '约18千卡/100g', 18, '超低卡', '低卡、低脂、高纤维、抗氧化', '夏、秋', '减脂、早餐、开胃', '无', '美食杰'),
('R0048', '莲子百合银耳汤', 'assets/recipes/R0048/cover.jpg', '汤羹', '香甜', '炖', '60分钟', 60, '简单', '约50千卡/100g', 50, '低卡', '低卡、低脂、养颜、润肺', '秋、冬', '养生、下午茶、生理期', '无', '美食天下'),
('R0049', '清炒芦笋', 'assets/recipes/R0049/cover.jpeg', '热菜', '清淡', '炒', '5分钟', 5, '新手', '约20千卡/100g', 20, '超低卡', '低卡、低脂、高纤维、抗氧化', '春、夏', '减脂、晚餐、养生', '无', '豆果美食'),
('R0050', '蛋挞', 'assets/recipes/R0050/cover.jpg', '甜品', '香甜', '烤', '30分钟', 30, '简单', '约375千卡/100g', 375, '高卡', '高蛋白、高钙', '四季通用', '下午茶、甜品、聚餐', '无', '下厨房'),
('R0051', '凉拌萝卜皮', 'assets/recipes/R0051/cover.jpeg', '凉菜', '酸辣', '凉拌', '10分钟', 10, '新手', '约25千卡/100g', 25, '超低卡', '低卡、低脂、高纤维、开胃', '冬、春', '减脂、晚餐、开胃', '无', '豆果美食'),
('R0052', '黄芪当归乌鸡汤', 'assets/recipes/R0052/cover.jpg', '汤羹', '咸鲜', '炖', '90分钟', 90, '中等', '约150千卡/100g', 150, '低卡', '高蛋白、低脂、滋补、经期适用', '秋、冬', '养生、生理期、产后', '无', '下厨房'),
('R0053', '曲奇饼干', 'assets/recipes/R0053/cover.jpg', '甜品/小吃', '香甜', '烤', '40分钟', 40, '中等', '约450千卡/100g', 450, '高卡', '高蛋白、高能量', '四季通用', '下午茶、甜品、加餐', '无', '下厨房'),
('R0054', '清炒生菜', 'assets/recipes/R0054/cover.jpg', '热菜', '清淡', '炒', '3分钟', 3, '新手', '约15千卡/100g', 15, '超低卡', '低卡、低脂、高纤维、清火', '四季通用', '减脂、晚餐、养生', '无', '下厨房'),
('R0055', '蒜蓉粉丝蒸扇贝', 'assets/recipes/R0055/cover.jpg', '热菜', '咸鲜', '蒸', '25分钟', 25, '新手', '约125千卡/100g', 125, '低卡', '低脂、高蛋白、补锌、滋补', '四季通用', '家庭正餐、宴客、减脂', '年夜饭、中秋、国庆', '美食天下');

INSERT INTO `ingredient` (`ingredient_id`, `ingredient_name`, `ingredient_type`, `alias`, `is_allergen`, `common_incompatible_ingredients`, `incompatible_note`, `allergen_type`, `notes`) VALUES
(1, '乌鸡', '肉蛋类', '', 0, '', '', '', '由 recipes.json 自动生成'),
(2, '低筋面粉', '主食类', '', 1, '', '', '麸质', '由 recipes.json 自动生成'),
(3, '全麦面粉', '主食类', '', 1, '', '', '麸质', '由 recipes.json 自动生成'),
(4, '八角', '调味料', '', 0, '', '', '', '由 recipes.json 自动生成'),
(5, '冬瓜', '蔬菜类', '', 0, '', '', '', '由 recipes.json 自动生成'),
(6, '冰糖', '调味料', '糖', 0, '', '', '', '由 recipes.json 自动生成'),
(7, '凉白开', '其他', '', 0, '', '', '', '由 recipes.json 自动生成'),
(8, '土豆', '蔬菜类', '土豆', 0, '', '', '', '由 recipes.json 自动生成'),
(9, '大米', '主食类', '', 0, '', '', '', '由 recipes.json 自动生成'),
(10, '大葱', '调味料', '葱', 0, '', '', '', '由 recipes.json 自动生成'),
(11, '大蒜', '调味料', '蒜', 0, '', '', '', '由 recipes.json 自动生成'),
(12, '姜', '调味料', '姜', 0, '', '', '', '由 recipes.json 自动生成'),
(13, '娃娃菜', '蔬菜类', '', 0, '', '', '', '由 recipes.json 自动生成'),
(14, '嫩豆腐', '豆制品', '', 1, '', '', '豆制品', '由 recipes.json 自动生成'),
(15, '小番茄', '蔬菜类', '', 0, '', '', '', '由 recipes.json 自动生成'),
(16, '小米', '主食类', '', 0, '', '', '', '由 recipes.json 自动生成'),
(17, '小米辣', '主食类', '', 0, '', '', '', '由 recipes.json 自动生成'),
(18, '山药', '蔬菜类', '', 0, '', '', '', '由 recipes.json 自动生成'),
(19, '干木耳', '菌菇类', '', 0, '', '', '', '由 recipes.json 自动生成'),
(20, '干腐竹', '豆制品', '', 1, '', '', '豆制品', '由 recipes.json 自动生成'),
(21, '干辣椒', '调味料', '', 0, '', '', '', '由 recipes.json 自动生成'),
(22, '干银耳', '菌菇类', '', 0, '', '', '', '由 recipes.json 自动生成'),
(23, '当归', '其他', '', 0, '', '', '', '由 recipes.json 自动生成'),
(24, '扇贝', '水产类', '', 1, '', '', '海鲜', '由 recipes.json 自动生成'),
(25, '料酒', '调味料', '', 0, '', '', '', '由 recipes.json 自动生成'),
(26, '无盐黄油', '调味料', '', 1, '', '', '乳制品', '由 recipes.json 自动生成'),
(27, '无糖酸奶', '调味料', '', 0, '', '', '', '由 recipes.json 自动生成'),
(28, '春笋', '蔬菜类', '', 0, '', '', '', '由 recipes.json 自动生成'),
(29, '有机亚麻籽油', '调味料', '', 0, '', '', '', '由 recipes.json 自动生成'),
(30, '木耳', '菌菇类', '', 0, '', '', '', '由 recipes.json 自动生成'),
(31, '杏仁粉', '主食类', '', 1, '', '', '坚果', '由 recipes.json 自动生成'),
(32, '杏鲍菇', '菌菇类', '', 0, '', '', '', '由 recipes.json 自动生成'),
(33, '枸杞', '其他', '', 0, '', '', '', '由 recipes.json 自动生成'),
(34, '桂皮', '调味料', '', 0, '', '', '', '由 recipes.json 自动生成'),
(35, '椒盐', '调味料', '', 0, '', '', '', '由 recipes.json 自动生成'),
(36, '武阳春雨绿茶', '其他', '', 0, '', '', '', '由 recipes.json 自动生成'),
(37, '水果', '其他', '', 0, '', '', '', '由 recipes.json 自动生成'),
(38, '水果丁', '其他', '', 0, '', '', '', '由 recipes.json 自动生成'),
(39, '油醋汁', '调味料', '', 0, '', '', '', '由 recipes.json 自动生成'),
(40, '泡打粉', '主食类', '', 0, '', '', '', '由 recipes.json 自动生成'),
(41, '洋葱', '调味料', '', 0, '', '', '', '由 recipes.json 自动生成'),
(42, '海带', '水产类', '', 1, '', '', '海鲜', '由 recipes.json 自动生成'),
(43, '海带丝', '水产类', '', 1, '', '', '海鲜', '由 recipes.json 自动生成'),
(44, '淀粉', '调味料', '', 0, '', '', '', '由 recipes.json 自动生成'),
(45, '淡奶油', '调味料', '', 1, '', '', '乳制品', '由 recipes.json 自动生成'),
(46, '清水', '其他', '', 0, '', '', '', '由 recipes.json 自动生成'),
(47, '炼乳', '其他', '', 0, '', '', '', '由 recipes.json 自动生成'),
(48, '燕麦', '主食类', '', 1, '', '', '麸质', '由 recipes.json 自动生成'),
(49, '燕麦片', '主食类', '', 1, '', '', '麸质', '由 recipes.json 自动生成'),
(50, '牛奶', '肉蛋类', '', 1, '', '', '乳制品', '由 recipes.json 自动生成'),
(51, '牛肉末', '肉蛋类', '', 0, '', '', '', '由 recipes.json 自动生成'),
(52, '牛腩', '肉蛋类', '', 0, '', '', '', '由 recipes.json 自动生成'),
(53, '猪排骨', '肉蛋类', '', 0, '', '', '', '由 recipes.json 自动生成'),
(54, '猪肉末', '肉蛋类', '', 0, '', '', '', '由 recipes.json 自动生成'),
(55, '猪里脊', '肉蛋类', '', 0, '', '', '', '由 recipes.json 自动生成'),
(56, '生姜', '调味料', '姜', 0, '', '', '', '由 recipes.json 自动生成'),
(57, '生抽', '调味料', '', 0, '', '', '', '由 recipes.json 自动生成'),
(58, '生菜', '其他', '', 0, '', '', '', '由 recipes.json 自动生成'),
(59, '番茄', '蔬菜类', '番茄', 0, '', '', '', '由 recipes.json 自动生成'),
(60, '白砂糖', '调味料', '糖', 0, '', '', '', '由 recipes.json 自动生成'),
(61, '白糖', '调味料', '糖', 0, '', '', '', '由 recipes.json 自动生成'),
(62, '白胡椒粉', '调味料', '', 0, '', '', '', '由 recipes.json 自动生成'),
(63, '白萝卜皮', '蔬菜类', '', 0, '', '', '', '由 recipes.json 自动生成'),
(64, '百合', '其他', '', 0, '', '', '', '由 recipes.json 自动生成'),
(65, '盐', '调味料', '盐', 0, '', '', '', '由 recipes.json 自动生成'),
(66, '空心菜', '其他', '', 0, '', '', '', '由 recipes.json 自动生成'),
(67, '粉丝', '主食类', '', 0, '', '', '', '由 recipes.json 自动生成'),
(68, '糙米', '主食类', '', 0, '', '', '', '由 recipes.json 自动生成'),
(69, '紫薯', '其他', '', 0, '', '', '', '由 recipes.json 自动生成'),
(70, '红啤梨', '水果类', '', 0, '', '', '', '由 recipes.json 自动生成'),
(71, '红枣', '水果类', '', 0, '', '', '', '由 recipes.json 自动生成'),
(72, '红茶', '其他', '', 0, '', '', '', '由 recipes.json 自动生成'),
(73, '红豆', '主食类', '', 0, '', '', '', '由 recipes.json 自动生成'),
(74, '羊肉', '肉蛋类', '', 0, '', '', '', '由 recipes.json 自动生成'),
(75, '羊角辣椒', '调味料', '', 0, '', '', '', '由 recipes.json 自动生成'),
(76, '老抽', '调味料', '', 0, '', '', '', '由 recipes.json 自动生成'),
(77, '老豆腐', '豆制品', '', 1, '', '', '豆制品', '由 recipes.json 自动生成'),
(78, '胡萝卜', '蔬菜类', '', 0, '', '', '', '由 recipes.json 自动生成'),
(79, '芥兰', '其他', '', 0, '', '', '', '由 recipes.json 自动生成'),
(80, '芦笋', '蔬菜类', '', 0, '', '', '', '由 recipes.json 自动生成'),
(81, '花椒', '调味料', '', 0, '', '', '', '由 recipes.json 自动生成'),
(82, '花椒粉', '调味料', '', 0, '', '', '', '由 recipes.json 自动生成'),
(83, '花生米', '主食类', '', 1, '', '', '坚果', '由 recipes.json 自动生成'),
(84, '茄子', '其他', '', 0, '', '', '', '由 recipes.json 自动生成'),
(85, '茶油', '调味料', '', 0, '', '', '', '由 recipes.json 自动生成'),
(86, '茼蒿', '蔬菜类', '', 0, '', '', '', '由 recipes.json 自动生成'),
(87, '莲子', '其他', '', 0, '', '', '', '由 recipes.json 自动生成'),
(88, '莲藕', '蔬菜类', '莲藕', 0, '', '', '', '由 recipes.json 自动生成'),
(89, '葱', '调味料', '葱', 0, '', '', '', '由 recipes.json 自动生成'),
(90, '葱花', '调味料', '', 0, '', '', '', '由 recipes.json 自动生成'),
(91, '蒜', '调味料', '蒜', 0, '', '', '', '由 recipes.json 自动生成'),
(92, '蒸鱼豉油', '调味料', '', 1, '', '', '海鲜', '由 recipes.json 自动生成'),
(93, '薄盐黄豆酱', '调味料', '', 1, '', '', '豆制品', '由 recipes.json 自动生成'),
(94, '薏米', '主食类', '', 0, '', '', '', '由 recipes.json 自动生成'),
(95, '蚝油', '调味料', '', 0, '', '', '', '由 recipes.json 自动生成'),
(96, '蛋挞皮', '其他', '', 1, '', '', '蛋类', '由 recipes.json 自动生成'),
(97, '蜂蜜', '调味料', '', 0, '', '', '', '由 recipes.json 自动生成'),
(98, '西兰花', '蔬菜类', '', 0, '', '', '', '由 recipes.json 自动生成'),
(99, '西红柿', '其他', '番茄', 0, '', '', '', '由 recipes.json 自动生成'),
(100, '豆角', '其他', '', 0, '', '', '', '由 recipes.json 自动生成'),
(101, '趴地菠菜', '蔬菜类', '', 0, '', '', '', '由 recipes.json 自动生成'),
(102, '郫县豆瓣酱', '调味料', '', 0, '', '', '', '由 recipes.json 自动生成'),
(103, '酵母', '其他', '', 0, '', '', '', '由 recipes.json 自动生成'),
(104, '酸奶', '其他', '', 0, '', '', '', '由 recipes.json 自动生成'),
(105, '醋', '调味料', '', 0, '', '', '', '由 recipes.json 自动生成'),
(106, '青椒', '其他', '', 0, '', '', '', '由 recipes.json 自动生成'),
(107, '食盐', '调味料', '盐', 0, '', '', '', '由 recipes.json 自动生成'),
(108, '香叶', '其他', '', 0, '', '', '', '由 recipes.json 自动生成'),
(109, '香椿', '蔬菜类', '', 0, '', '', '', '由 recipes.json 自动生成'),
(110, '香油', '调味料', '', 0, '', '', '', '由 recipes.json 自动生成'),
(111, '香菇', '菌菇类', '', 0, '', '', '', '由 recipes.json 自动生成'),
(112, '香蕉', '水果类', '', 0, '', '', '', '由 recipes.json 自动生成'),
(113, '高筋面粉', '主食类', '', 1, '', '', '麸质', '由 recipes.json 自动生成'),
(114, '鲈鱼', '水产类', '', 1, '', '', '海鲜', '由 recipes.json 自动生成'),
(115, '鲜虾', '水产类', '', 1, '', '', '海鲜', '由 recipes.json 自动生成'),
(116, '鸡精', '肉蛋类', '', 0, '', '', '', '由 recipes.json 自动生成'),
(117, '鸡肉', '肉蛋类', '', 0, '', '', '', '由 recipes.json 自动生成'),
(118, '鸡胸肉', '肉蛋类', '鸡胸肉', 0, '', '', '', '由 recipes.json 自动生成'),
(119, '鸡腿肉', '肉蛋类', '', 0, '', '', '', '由 recipes.json 自动生成'),
(120, '鸡蛋', '肉蛋类', '', 1, '', '', '蛋类', '由 recipes.json 自动生成'),
(121, '黄瓜', '蔬菜类', '黄瓜', 0, '', '', '', '由 recipes.json 自动生成'),
(122, '黄芪', '其他', '', 0, '', '', '', '由 recipes.json 自动生成'),
(123, '黄花菜', '其他', '', 0, '', '', '', '由 recipes.json 自动生成'),
(124, '黑木耳', '菌菇类', '', 0, '', '', '', '由 recipes.json 自动生成'),
(125, '黑胡椒', '调味料', '', 0, '', '', '', '由 recipes.json 自动生成');

INSERT INTO `recipe_ingredient` (`id`, `recipe_id`, `ingredient_id`, `ingredient_role`, `amount`, `required_status`, `substitute`) VALUES
(1, 'R0001', 59, '主料', '2个', '必需', ''),
(2, 'R0001', 120, '主料', '3个', '必需', ''),
(3, 'R0001', 107, '调味料', '适量', '必需', ''),
(4, 'R0002', 114, '主料', '1条(约500g)', '必需', ''),
(5, 'R0002', 12, '辅料', '3片', '必需', ''),
(6, 'R0002', 89, '辅料', '2根', '必需', ''),
(7, 'R0002', 25, '调味料', '1汤匙', '必需', ''),
(8, 'R0002', 92, '调味料', '2汤匙', '必需', ''),
(9, 'R0003', 121, '主料', '2根', '必需', ''),
(10, 'R0003', 91, '辅料', '3瓣', '必需', ''),
(11, 'R0003', 57, '调味料', '1汤匙', '必需', ''),
(12, 'R0004', 68, '主料', '50g', '必需', ''),
(13, 'R0004', 48, '主料', '30g', '必需', ''),
(14, 'R0004', 16, '主料', '50g', '必需', ''),
(15, 'R0004', 73, '主料', '30g', '必需', ''),
(16, 'R0005', 109, '主料', '1把(约100g)', '必需', ''),
(17, 'R0005', 120, '主料', '3个', '必需', ''),
(18, 'R0006', 74, '主料', '500g', '必需', ''),
(19, 'R0006', 23, '辅料', '10g', '必需', ''),
(20, 'R0006', 56, '辅料', '5片', '必需', ''),
(21, 'R0007', 86, '主料', '1把(约300g)', '必需', ''),
(22, 'R0007', 91, '辅料', '3瓣', '必需', ''),
(23, 'R0008', 28, '主料', '4根', '必需', ''),
(24, 'R0008', 57, '调味料', '2汤匙', '必需', ''),
(25, 'R0008', 76, '调味料', '1汤匙', '必需', ''),
(26, 'R0008', 60, '调味料', '1汤匙', '必需', ''),
(27, 'R0009', 80, '主料', '1把(约200g)', '必需', ''),
(28, 'R0009', 57, '调味料', '1汤匙', '必需', ''),
(29, 'R0010', 53, '主料', '500g', '必需', ''),
(30, 'R0010', 6, '调味料', '30g', '必需', ''),
(31, 'R0010', 4, '辅料', '2颗', '必需', ''),
(32, 'R0010', 34, '辅料', '1小段', '必需', ''),
(33, 'R0010', 57, '调味料', '2汤匙', '必需', ''),
(34, 'R0010', 76, '调味料', '1汤匙', '必需', ''),
(35, 'R0010', 25, '调味料', '1汤匙', '必需', ''),
(36, 'R0011', 5, '主料', '200g', '必需', ''),
(37, 'R0011', 54, '主料', '100g', '必需', ''),
(38, 'R0011', 25, '调味料', '1/2汤匙', '必需', ''),
(39, 'R0011', 44, '调味料', '1茶匙', '必需', ''),
(40, 'R0011', 107, '调味料', '适量', '必需', ''),
(41, 'R0011', 90, '辅料', '少许', '必需', ''),
(42, 'R0012', 14, '主料', '1盒(约300g)', '必需', ''),
(43, 'R0012', 51, '主料', '50g', '必需', ''),
(44, 'R0012', 102, '调味料', '1汤匙', '必需', ''),
(45, 'R0012', 57, '调味料', '1汤匙', '必需', ''),
(46, 'R0012', 76, '调味料', '1/2汤匙', '必需', ''),
(47, 'R0012', 82, '调味料', '1茶匙', '必需', ''),
(48, 'R0012', 44, '调味料', '1茶匙', '必需', ''),
(49, 'R0012', 90, '辅料', '少许', '必需', ''),
(50, 'R0013', 43, '主料', '200g', '必需', ''),
(51, 'R0013', 91, '辅料', '3瓣', '必需', ''),
(52, 'R0013', 17, '辅料', '2个', '必需', ''),
(53, 'R0013', 57, '调味料', '1汤匙', '必需', ''),
(54, 'R0013', 105, '调味料', '1汤匙', '必需', ''),
(55, 'R0013', 110, '调味料', '1茶匙', '必需', ''),
(56, 'R0013', 107, '调味料', '适量', '必需', ''),
(57, 'R0013', 60, '调味料', '1/2茶匙', '必需', ''),
(58, 'R0014', 119, '主料', '2个(约200g)', '必需', ''),
(59, 'R0014', 111, '主料', '5朵', '必需', ''),
(60, 'R0014', 25, '调味料', '1汤匙', '必需', ''),
(61, 'R0014', 57, '调味料', '1汤匙', '必需', ''),
(62, 'R0014', 44, '调味料', '1汤匙', '必需', ''),
(63, 'R0014', 107, '调味料', '适量', '必需', ''),
(64, 'R0014', 90, '辅料', '少许', '必需', ''),
(65, 'R0015', 9, '主料', '50g', '必需', ''),
(66, 'R0015', 69, '主料', '100g', '必需', ''),
(67, 'R0015', 46, '辅料', '适量', '必需', ''),
(68, 'R0015', 50, '调味料', '可选', '必需', ''),
(69, 'R0016', 98, '主料', '1朵(约300g)', '必需', ''),
(70, 'R0016', 91, '辅料', '3瓣', '必需', ''),
(71, 'R0016', 107, '调味料', '适量', '必需', ''),
(72, 'R0016', 62, '调味料', '少许', '必需', ''),
(73, 'R0017', 120, '主料', '6个', '必需', ''),
(74, 'R0017', 72, '辅料', '10g', '必需', ''),
(75, 'R0017', 4, '辅料', '2个', '必需', ''),
(76, 'R0017', 34, '辅料', '1小段', '必需', ''),
(77, 'R0017', 108, '辅料', '2片', '必需', ''),
(78, 'R0017', 57, '调味料', '2汤匙', '必需', ''),
(79, 'R0017', 76, '调味料', '1汤匙', '必需', ''),
(80, 'R0017', 107, '调味料', '适量', '必需', ''),
(81, 'R0018', 52, '主料', '500g', '必需', ''),
(82, 'R0018', 59, '主料', '3个', '必需', ''),
(83, 'R0018', 41, '辅料', '1/2个', '必需', ''),
(84, 'R0018', 12, '辅料', '3片', '必需', ''),
(85, 'R0018', 57, '调味料', '2汤匙', '必需', ''),
(86, 'R0018', 76, '调味料', '1汤匙', '必需', ''),
(87, 'R0018', 60, '调味料', '1茶匙', '必需', ''),
(88, 'R0018', 107, '调味料', '适量', '必需', ''),
(89, 'R0019', 14, '主料', '1盒(约300g)', '必需', ''),
(90, 'R0019', 91, '辅料', '2瓣', '必需', ''),
(91, 'R0019', 57, '调味料', '1汤匙', '必需', ''),
(92, 'R0019', 110, '调味料', '1茶匙', '必需', ''),
(93, 'R0019', 107, '调味料', '适量', '必需', ''),
(94, 'R0019', 90, '辅料', '少许', '必需', ''),
(95, 'R0020', 118, '主料', '1块(约200g)', '必需', ''),
(96, 'R0020', 25, '调味料', '1汤匙', '必需', ''),
(97, 'R0020', 125, '调味料', '1茶匙', '必需', ''),
(98, 'R0020', 107, '调味料', '适量', '必需', ''),
(99, 'R0020', 58, '辅料', '可选', '必需', ''),
(100, 'R0021', 16, '主料', '50g', '必需', ''),
(101, 'R0021', 46, '辅料', '适量', '必需', ''),
(102, 'R0021', 33, '辅料', '可选', '必需', ''),
(103, 'R0021', 71, '辅料', '可选', '必需', ''),
(104, 'R0022', 55, '主料', '200g', '必需', ''),
(105, 'R0022', 30, '辅料', '50g', '必需', ''),
(106, 'R0022', 78, '辅料', '1/2根', '必需', ''),
(107, 'R0022', 106, '辅料', '1个', '必需', ''),
(108, 'R0022', 102, '调味料', '1汤匙', '必需', ''),
(109, 'R0022', 57, '调味料', '1汤匙', '必需', ''),
(110, 'R0022', 105, '调味料', '1汤匙', '必需', ''),
(111, 'R0022', 60, '调味料', '1茶匙', '必需', ''),
(112, 'R0023', 88, '主料', '1节(约200g)', '必需', ''),
(113, 'R0023', 91, '辅料', '3瓣', '必需', ''),
(114, 'R0023', 17, '辅料', '2个', '必需', ''),
(115, 'R0023', 57, '调味料', '1汤匙', '必需', ''),
(116, 'R0023', 105, '调味料', '1汤匙', '必需', ''),
(117, 'R0023', 60, '调味料', '1茶匙', '必需', ''),
(118, 'R0023', 110, '调味料', '1茶匙', '必需', ''),
(119, 'R0023', 107, '调味料', '适量', '必需', ''),
(120, 'R0024', 53, '主料', '500g', '必需', ''),
(121, 'R0024', 12, '辅料', '3片', '必需', ''),
(122, 'R0024', 25, '调味料', '1汤匙', '必需', ''),
(123, 'R0024', 57, '调味料', '1汤匙', '必需', ''),
(124, 'R0024', 44, '调味料', '1汤匙', '必需', ''),
(125, 'R0024', 107, '调味料', '适量', '必需', ''),
(126, 'R0024', 90, '辅料', '少许', '必需', ''),
(127, 'R0025', 49, '主料', '50g', '必需', ''),
(128, 'R0025', 50, '主料', '250ml', '必需', ''),
(129, 'R0025', 46, '辅料', '适量', '必需', ''),
(130, 'R0025', 97, '调味料', '可选', '必需', ''),
(131, 'R0025', 38, '辅料', '可选', '必需', ''),
(132, 'R0026', 8, '主料', '1个', '必需', ''),
(133, 'R0026', 84, '主料', '1根', '必需', ''),
(134, 'R0026', 106, '主料', '1个', '必需', ''),
(135, 'R0026', 91, '辅料', '3瓣', '必需', ''),
(136, 'R0026', 57, '调味料', '1汤匙', '必需', ''),
(137, 'R0026', 60, '调味料', '1/2茶匙', '必需', ''),
(138, 'R0026', 44, '调味料', '1茶匙', '必需', ''),
(139, 'R0026', 107, '调味料', '适量', '必需', ''),
(140, 'R0027', 19, '主料', '10g(泡发后约200g)', '必需', ''),
(141, 'R0027', 91, '辅料', '3瓣', '必需', ''),
(142, 'R0027', 17, '辅料', '2个', '必需', ''),
(143, 'R0027', 57, '调味料', '1汤匙', '必需', ''),
(144, 'R0027', 105, '调味料', '1汤匙', '必需', ''),
(145, 'R0027', 110, '调味料', '1茶匙', '必需', ''),
(146, 'R0027', 60, '调味料', '1/2茶匙', '必需', ''),
(147, 'R0027', 107, '调味料', '适量', '必需', ''),
(148, 'R0028', 53, '主料', '300g', '必需', ''),
(149, 'R0028', 5, '主料', '200g', '必需', ''),
(150, 'R0028', 42, '辅料', '100g', '必需', ''),
(151, 'R0028', 12, '辅料', '3片', '必需', ''),
(152, 'R0028', 107, '调味料', '适量', '必需', ''),
(153, 'R0028', 90, '辅料', '少许', '必需', ''),
(154, 'R0029', 120, '主料', '2个', '必需', ''),
(155, 'R0029', 58, '主料', '50g', '必需', ''),
(156, 'R0029', 121, '主料', '1/2根', '必需', ''),
(157, 'R0029', 15, '主料', '5个', '必需', ''),
(158, 'R0029', 39, '调味料', '1汤匙', '必需', ''),
(159, 'R0030', 77, '主料', '1块(约300g)', '必需', ''),
(160, 'R0030', 91, '辅料', '3瓣', '必需', ''),
(161, 'R0030', 102, '调味料', '1/2汤匙', '必需', ''),
(162, 'R0030', 57, '调味料', '1汤匙', '必需', ''),
(163, 'R0030', 76, '调味料', '1/2汤匙', '必需', ''),
(164, 'R0030', 60, '调味料', '1/2茶匙', '必需', ''),
(165, 'R0030', 44, '调味料', '1茶匙', '必需', ''),
(166, 'R0030', 90, '辅料', '少许', '必需', ''),
(167, 'R0031', 100, '主料', '300g', '必需', ''),
(168, 'R0031', 91, '辅料', '3瓣', '必需', ''),
(169, 'R0031', 57, '调味料', '1/2汤匙', '必需', ''),
(170, 'R0031', 107, '调味料', '适量', '必需', ''),
(171, 'R0031', 75, '主料', '3根', '必需', ''),
(172, 'R0032', 27, '主料', '150g', '必需', ''),
(173, 'R0032', 70, '主料', '50g', '必需', ''),
(174, 'R0032', 49, '辅料', '10g', '必需', ''),
(175, 'R0033', 119, '主料', '200g', '必需', ''),
(176, 'R0033', 121, '辅料', '1/2根', '必需', ''),
(177, 'R0033', 78, '辅料', '1/2根', '必需', ''),
(178, 'R0033', 83, '辅料', '50g', '必需', ''),
(179, 'R0033', 21, '辅料', '5个', '必需', ''),
(180, 'R0033', 81, '调味料', '1茶匙', '必需', ''),
(181, 'R0033', 57, '调味料', '1汤匙', '必需', ''),
(182, 'R0033', 105, '调味料', '1汤匙', '必需', ''),
(183, 'R0034', 101, '主料', '500g', '必需', ''),
(184, 'R0034', 32, '辅料', '2个', '必需', ''),
(185, 'R0034', 78, '辅料', '1根', '必需', ''),
(186, 'R0034', 93, '调味料', '1勺', '必需', ''),
(187, 'R0034', 7, '辅料', '适量', '必需', ''),
(188, 'R0034', 29, '调味料', '1勺', '必需', ''),
(189, 'R0035', 117, '主料', '半只(约500g)', '必需', ''),
(190, 'R0035', 10, '调味料', '1根', '必需', ''),
(191, 'R0035', 83, '辅料', '适量', '必需', ''),
(192, 'R0035', 25, '辅料', '适量', '必需', ''),
(193, 'R0035', 12, '辅料', '3片', '必需', ''),
(194, 'R0035', 107, '调味料', '适量', '必需', ''),
(195, 'R0035', 124, '辅料', '适量', '必需', ''),
(196, 'R0035', 116, '辅料', '适量', '必需', ''),
(197, 'R0035', 123, '辅料', '适量', '必需', ''),
(198, 'R0036', 13, '主料', '1颗(约200g)', '必需', ''),
(199, 'R0036', 91, '辅料', '3瓣', '必需', ''),
(200, 'R0036', 107, '调味料', '适量', '必需', '');

INSERT INTO `recipe_ingredient` (`id`, `recipe_id`, `ingredient_id`, `ingredient_role`, `amount`, `required_status`, `substitute`) VALUES
(201, 'R0036', 62, '调味料', '少许', '必需', ''),
(202, 'R0037', 3, '主料', '200g', '必需', ''),
(203, 'R0037', 113, '主料', '100g', '必需', ''),
(204, 'R0037', 103, '辅料', '5g', '必需', ''),
(205, 'R0037', 65, '调味料', '3g', '必需', ''),
(206, 'R0037', 46, '辅料', '200ml', '必需', ''),
(207, 'R0038', 8, '主料', '1个(约200g)', '必需', ''),
(208, 'R0038', 91, '辅料', '3瓣', '必需', ''),
(209, 'R0038', 17, '辅料', '2个', '必需', ''),
(210, 'R0038', 57, '调味料', '1汤匙', '必需', ''),
(211, 'R0038', 105, '调味料', '1汤匙', '必需', ''),
(212, 'R0038', 60, '调味料', '1/2茶匙', '必需', ''),
(213, 'R0038', 110, '调味料', '1茶匙', '必需', ''),
(214, 'R0038', 107, '调味料', '适量', '必需', ''),
(215, 'R0039', 115, '主料', '400克', '必需', ''),
(216, 'R0039', 36, '主料', '50克', '必需', ''),
(217, 'R0039', 65, '辅料', '3克', '必需', ''),
(218, 'R0039', 125, '辅料', '2克', '必需', ''),
(219, 'R0039', 35, '辅料', '2克', '必需', ''),
(220, 'R0039', 85, '辅料', '5克', '必需', ''),
(221, 'R0040', 53, '主料', '300g', '必需', ''),
(222, 'R0040', 18, '主料', '1根', '必需', ''),
(223, 'R0040', 78, '辅料', '1根', '必需', ''),
(224, 'R0040', 12, '辅料', '3片', '必需', ''),
(225, 'R0040', 107, '调味料', '适量', '必需', ''),
(226, 'R0040', 90, '辅料', '少许', '必需', ''),
(227, 'R0041', 79, '主料', '200g', '必需', ''),
(228, 'R0041', 91, '辅料', '3瓣', '必需', ''),
(229, 'R0041', 57, '调味料', '1/2汤匙', '必需', ''),
(230, 'R0041', 107, '调味料', '适量', '必需', ''),
(231, 'R0042', 112, '主料', '1根', '必需', ''),
(232, 'R0042', 120, '主料', '1个', '必需', ''),
(233, 'R0042', 50, '辅料', '100ml', '必需', ''),
(234, 'R0042', 2, '辅料', '50g', '必需', ''),
(235, 'R0042', 40, '调味料', '3g', '必需', ''),
(236, 'R0042', 60, '调味料', '10g', '必需', ''),
(237, 'R0042', 104, '辅料', '可选', '必需', ''),
(238, 'R0042', 37, '辅料', '可选', '必需', ''),
(239, 'R0043', 20, '主料', '20g(泡发后约200g)', '必需', ''),
(240, 'R0043', 121, '辅料', '1/2根', '必需', ''),
(241, 'R0043', 78, '辅料', '1/2根', '必需', ''),
(242, 'R0043', 91, '辅料', '3瓣', '必需', ''),
(243, 'R0043', 57, '调味料', '1汤匙', '必需', ''),
(244, 'R0043', 105, '调味料', '1/2汤匙', '必需', ''),
(245, 'R0043', 110, '调味料', '1茶匙', '必需', ''),
(246, 'R0043', 107, '调味料', '适量', '必需', ''),
(247, 'R0044', 53, '主料', '300g', '必需', ''),
(248, 'R0044', 5, '主料', '200g', '必需', ''),
(249, 'R0044', 94, '辅料', '30g', '必需', ''),
(250, 'R0044', 12, '辅料', '3片', '必需', ''),
(251, 'R0044', 107, '调味料', '适量', '必需', ''),
(252, 'R0044', 90, '辅料', '少许', '必需', ''),
(253, 'R0045', 66, '主料', '200g', '必需', ''),
(254, 'R0045', 91, '辅料', '3瓣', '必需', ''),
(255, 'R0045', 17, '辅料', '2个', '必需', ''),
(256, 'R0045', 57, '调味料', '1/2汤匙', '必需', ''),
(257, 'R0045', 107, '调味料', '适量', '必需', ''),
(258, 'R0046', 53, '主料', '500g', '必需', ''),
(259, 'R0046', 6, '调味料', '10g', '必需', ''),
(260, 'R0046', 57, '调味料', '2汤匙', '必需', ''),
(261, 'R0046', 76, '调味料', '1汤匙', '必需', ''),
(262, 'R0046', 25, '调味料', '1汤匙', '必需', ''),
(263, 'R0046', 12, '辅料', '3片', '必需', ''),
(264, 'R0046', 89, '辅料', '2根', '必需', ''),
(265, 'R0046', 107, '调味料', '适量', '必需', ''),
(266, 'R0047', 99, '主料', '2个', '必需', ''),
(267, 'R0047', 60, '调味料', '10g', '必需', ''),
(268, 'R0048', 22, '主料', '10g', '必需', ''),
(269, 'R0048', 87, '辅料', '20g', '必需', ''),
(270, 'R0048', 64, '辅料', '20g', '必需', ''),
(271, 'R0048', 71, '辅料', '3个', '必需', ''),
(272, 'R0048', 6, '调味料', '10g', '必需', ''),
(273, 'R0048', 46, '辅料', '适量', '必需', ''),
(274, 'R0049', 80, '主料', '200g', '必需', ''),
(275, 'R0049', 91, '辅料', '3瓣', '必需', ''),
(276, 'R0049', 107, '调味料', '适量', '必需', ''),
(277, 'R0049', 62, '调味料', '少许', '必需', ''),
(278, 'R0050', 96, '主料', '6个', '必需', ''),
(279, 'R0050', 120, '主料', '2个', '必需', ''),
(280, 'R0050', 50, '辅料', '100ml', '必需', ''),
(281, 'R0050', 45, '辅料', '100ml', '必需', ''),
(282, 'R0050', 60, '调味料', '30g', '必需', ''),
(283, 'R0050', 47, '调味料', '10g', '必需', ''),
(284, 'R0051', 63, '主料', '1根萝卜的皮', '必需', ''),
(285, 'R0051', 91, '辅料', '3瓣', '必需', ''),
(286, 'R0051', 17, '辅料', '2个', '必需', ''),
(287, 'R0051', 57, '调味料', '1汤匙', '必需', ''),
(288, 'R0051', 105, '调味料', '1汤匙', '必需', ''),
(289, 'R0051', 60, '调味料', '1/2茶匙', '必需', ''),
(290, 'R0051', 110, '调味料', '1茶匙', '必需', ''),
(291, 'R0051', 107, '调味料', '适量', '必需', ''),
(292, 'R0052', 1, '主料', '半只(约500g)', '必需', ''),
(293, 'R0052', 122, '辅料', '10g', '必需', ''),
(294, 'R0052', 23, '辅料', '10g', '必需', ''),
(295, 'R0052', 71, '辅料', '3个', '必需', ''),
(296, 'R0052', 33, '辅料', '10g', '必需', ''),
(297, 'R0052', 12, '辅料', '3片', '必需', ''),
(298, 'R0052', 107, '调味料', '适量', '必需', ''),
(299, 'R0053', 26, '主料', '160g', '必需', ''),
(300, 'R0053', 2, '主料', '200g', '必需', ''),
(301, 'R0053', 120, '主料', '1个', '必需', ''),
(302, 'R0053', 60, '调味料', '30g', '必需', ''),
(303, 'R0053', 65, '调味料', '2g', '必需', ''),
(304, 'R0053', 50, '辅料', '40g', '必需', ''),
(305, 'R0053', 31, '辅料', '40g', '必需', ''),
(306, 'R0054', 58, '主料', '1颗(约200g)', '必需', ''),
(307, 'R0054', 91, '辅料', '2瓣', '必需', ''),
(308, 'R0054', 57, '调味料', '1/2汤匙', '必需', ''),
(309, 'R0054', 107, '调味料', '适量', '必需', ''),
(310, 'R0055', 24, '主料', '10只', '必需', ''),
(311, 'R0055', 67, '辅料', '1把(约50g)', '必需', ''),
(312, 'R0055', 11, '辅料', '1头', '必需', ''),
(313, 'R0055', 17, '辅料', '2根', '必需', ''),
(314, 'R0055', 57, '调味料', '2汤匙', '必需', ''),
(315, 'R0055', 95, '调味料', '1汤匙', '必需', ''),
(316, 'R0055', 61, '调味料', '1茶匙', '必需', ''),
(317, 'R0055', 107, '调味料', '少许', '必需', '');

INSERT INTO `recipe_step` (`step_id`, `recipe_id`, `step_no`, `step_text`, `step_image`) VALUES
(1, 'R0001', 1, '1.番茄去蒂切块；鸡蛋搅匀，热锅倒油，大火倒入蛋液，炒至半熟后盛出备用。\n*炒蛋小贴士：倒入蛋液后立刻转小火，看到锅边蛋液慢慢凝固，就快速把蛋液推到锅中间。', 'assets/recipes/R0001/step1.jpg'),
(2, 'R0001', 2, '2.番茄和葱花下锅，加入糖、酱油和番茄酱，最后淋入水淀粉收汁；倒回鸡蛋翻炒均匀即可。', 'assets/recipes/R0001/step2.jpg'),
(3, 'R0002', 1, '1.鲈鱼去鳞去内脏洗净，两面划刀', 'assets/recipes/R0002/step1.jpg'),
(4, 'R0002', 2, '2.一勺盐涂抹鱼表皮，去除表皮腥味粘液，10秒后用流水把盐冲洗干净。', 'assets/recipes/R0002/step2.jpg'),
(5, 'R0002', 3, '3.一勺盐涂抹鱼表皮，去除表皮腥味粘液，10秒后用流水把盐冲洗干净。', 'assets/recipes/R0002/step3.jpg'),
(6, 'R0002', 4, '4.鱼移到另一个盘子，不需要煮直接倒入3勺左右的蒸鱼豉油在盘子底 没有蒸鱼豉油可以（一小勺白糖+3勺酱油）替代', 'assets/recipes/R0002/step4.jpg'),
(7, 'R0002', 5, '5.把刚才准备的三种丝放到鱼背上，然后锅中烧油到冒烟关火，趁热浇上葱丝激发香味～', 'assets/recipes/R0002/step5.jpg'),
(8, 'R0002', 6, '4.出锅倒掉蒸汁，铺葱丝，淋蒸鱼豉油，浇热油', 'assets/recipes/R0002/cover.jpg'),
(9, 'R0003', 1, '1.拍好黄瓜，切成小段', 'assets/recipes/R0003/step1.jpg'),
(10, 'R0003', 2, '2.炸花生米去皮，拍碎', 'assets/recipes/R0003/step2.jpg'),
(11, 'R0003', 3, '3.蒜切碎，少量油爆香', 'assets/recipes/R0003/step3.jpg'),
(12, 'R0003', 4, '4.准备一个保鲜盒（有盖的），加入爆香的蒜（油也一起盛出来），一大勺老干妈,2大勺酱油,6大勺陈醋,加入炸花生碎，适量糖,', 'assets/recipes/R0003/step4.jpg'),
(13, 'R0003', 5, '5.加入拍好的黄瓜，盖上盖子，使劲儿摇~', 'assets/recipes/R0003/step5.jpg'),
(14, 'R0003', 6, '6.加入适量的香油，拌一下', 'assets/recipes/R0003/step6.jpg'),
(15, 'R0004', 1, '1.糙米、燕麦、小米、红豆洗净浸泡2小时', 'assets/recipes/R0004/step1.jpg'),
(16, 'R0004', 2, '2.所有食材放入电饭煲，加水至粥刻度线', 'assets/recipes/R0004/step2.jpg'),
(17, 'R0004', 3, '3.选择煮粥模式，煮约60分钟', 'assets/recipes/R0004/step3.jpg'),
(18, 'R0004', 4, '4.出锅可加少许冰糖调味', 'assets/recipes/R0004/cover.jpg'),
(19, 'R0005', 1, '1.香椿焯水30秒捞出切碎', 'assets/recipes/R0005/step1.jpg'),
(20, 'R0005', 2, '2.鸡蛋打散加入香椿碎和少许盐搅匀', 'assets/recipes/R0005/step2.jpg'),
(21, 'R0005', 3, '3.热锅下油，倒入蛋液翻炒至凝固即可', 'assets/recipes/R0005/step3.jpg'),
(22, 'R0006', 1, '1.羊肉切块焯水去血沫捞出', 'assets/recipes/R0006/step1.jpg'),
(23, 'R0006', 2, '2.当归、生姜洗净切片', 'assets/recipes/R0006/step2.jpg'),
(24, 'R0006', 3, '3.砂锅中放入羊肉、当归、生姜，加足量清水', 'assets/recipes/R0006/step3.jpg'),
(25, 'R0006', 4, '4.大火煮开后转小火炖1小时', 'assets/recipes/R0006/step4.jpg'),
(26, 'R0006', 5, '5.出锅前加盐调味', 'assets/recipes/R0006/step5.jpg'),
(27, 'R0007', 1, '1.茼蒿洗净切段', 'assets/recipes/R0007/step1.jpg'),
(28, 'R0007', 2, '2.热锅少油，下蒜末爆香', 'assets/recipes/R0007/step2.jpg'),
(29, 'R0007', 3, '3.倒入茼蒿大火快炒30秒', 'assets/recipes/R0007/step3.jpg'),
(30, 'R0007', 4, '4.加盐调味即可出锅', 'assets/recipes/R0007/step4.jpg'),
(31, 'R0008', 1, '1.春笋去壳切滚刀块，焯水5分钟去涩', 'assets/recipes/R0008/step1.jpg'),
(32, 'R0008', 2, '2.热锅下油，放入春笋煎至表面微黄', 'assets/recipes/R0008/step2.jpg'),
(33, 'R0008', 3, '3.加生抽、老抽、糖和少量水', 'assets/recipes/R0008/step3.jpg'),
(34, 'R0008', 4, '4.盖盖小火焖10分钟，大火收汁', 'assets/recipes/R0008/step4.jpg'),
(35, 'R0009', 1, '1.芦笋去老根，削去下半段硬皮', 'assets/recipes/R0009/step1.jpg'),
(36, 'R0009', 2, '2.烧一锅开水加少许盐和油，放入芦笋焯1分钟捞出', 'assets/recipes/R0009/step2.jpg'),
(37, 'R0009', 3, '3.起炒锅，热锅入凉油，加入蒸鱼豉油（或鲜味酱油），继续小火煮至冒泡；', 'assets/recipes/R0009/step3.jpg'),
(38, 'R0009', 4, '4.将芦笋摆盘，趁热浇上烧好的豉油汁，即可。', 'assets/recipes/R0009/step4.jpg'),
(39, 'R0009', 5, '4.烧热少许油浇在芦笋上激出香味', 'assets/recipes/R0009/cover.jpg'),
(40, 'R0010', 1, '1.排骨斩块冷水下锅焯水，捞出洗净', 'assets/recipes/R0010/step1.jpg'),
(41, 'R0010', 2, '2.热锅少油放冰糖小火炒糖色', 'assets/recipes/R0010/step2.jpg'),
(42, 'R0010', 3, '3.下排骨翻炒上色，加葱姜蒜、八角、桂皮', 'assets/recipes/R0010/step3.jpg'),
(43, 'R0010', 4, '4.加生抽、老抽、料酒翻炒', 'assets/recipes/R0010/step4.jpg'),
(44, 'R0010', 5, '5.加开水没过排骨，大火烧开转小火炖40分钟', 'assets/recipes/R0010/step5.jpg'),
(45, 'R0010', 6, '6.大火收汁至汤汁浓稠', 'assets/recipes/R0010/cover.jpg'),
(46, 'R0011', 1, '1.冬瓜去皮切块，烧一锅清水，水开以后倒入冬瓜大火煮10分钟', 'assets/recipes/R0011/step1.jpg'),
(47, 'R0011', 2, '2.肉末加少许盐、料酒、淀粉搅匀，挤成小丸子', 'assets/recipes/R0011/step2.jpg'),
(48, 'R0011', 3, '3.大火煮5分钟左右', 'assets/recipes/R0011/step3.jpg'),
(49, 'R0011', 4, '4.撇去浮末，加适量盐，撒上葱花即可', 'assets/recipes/R0011/step4.jpg'),
(50, 'R0011', 5, '4.放入冬瓜片煮5分钟，加盐、葱花调味即可', 'assets/recipes/R0011/cover.jpg'),
(51, 'R0012', 1, '1.豆腐切小块，焯水后捞出', 'assets/recipes/R0012/step1.jpg'),
(52, 'R0012', 2, '2.热锅下油，下牛肉末炒至变色，加豆瓣酱炒出红油', 'assets/recipes/R0012/step2.jpg'),
(53, 'R0012', 3, '3.加生抽、老抽、少许糖，倒入适量清水煮开', 'assets/recipes/R0012/step3.jpg'),
(54, 'R0012', 4, '4.放入豆腐，小火煮3分钟，勾薄芡，撒花椒粉、葱花即可', 'assets/recipes/R0012/step4.jpg'),
(55, 'R0013', 1, '1.海带丝洗净，焯水2分钟捞出过冷水', 'assets/recipes/R0013/step1.jpg'),
(56, 'R0013', 2, '2.蒜切末，小米辣切圈，放入碗中', 'assets/recipes/R0013/step2.jpg'),
(57, 'R0013', 3, '3.加生抽、醋、香油、少许糖、盐调成料汁，料汁倒入海带丝中，拌匀即可', 'assets/recipes/R0013/step3.jpg'),
(58, 'R0014', 1, '1.鸡腿肉去骨切小块，加少许盐、料酒、生抽、淀粉腌10分钟', 'assets/recipes/R0014/step1.jpg'),
(59, 'R0014', 2, '2.油稍稍多一点，一定要油稍稍冒烟热一点在下鸡丁！鸡丁一变色就捞出', 'assets/recipes/R0014/step2.jpg'),
(60, 'R0014', 3, '3.用锅底油炒葱姜蒜末', 'assets/recipes/R0014/step3.jpg'),
(61, 'R0014', 4, '4.泡好的香菇下锅炒一分钟左右，加盐。', 'assets/recipes/R0014/step4.jpg'),
(62, 'R0014', 5, '5.然后下鸡丁，下两勺生抽，一勺白糖，翻炒出锅。', 'assets/recipes/R0014/step5.jpg'),
(63, 'R0015', 1, '1.大米洗净浸泡30分钟，紫薯去皮切小块', 'assets/recipes/R0015/step1.jpg'),
(64, 'R0015', 2, '2.锅中加足量清水烧开，放入大米煮10分钟,放入紫薯块，转小火煮30分钟，至粥粘稠、紫薯软烂', 'assets/recipes/R0015/step2.jpg'),
(65, 'R0015', 3, '3.出锅可加少许牛奶调味', 'assets/recipes/R0015/step3.jpg'),
(66, 'R0016', 1, '1.西兰花切小朵，洗净焯水1分钟捞出', 'assets/recipes/R0016/step1.jpg'),
(67, 'R0016', 2, '2.热锅少油，下蒜末爆香', 'assets/recipes/R0016/step2.jpg'),
(68, 'R0016', 3, '3.倒入西兰花大火快炒2分钟', 'assets/recipes/R0016/step3.jpg'),
(69, 'R0016', 4, '4.加盐、少许白胡椒粉调味即可出锅', 'assets/recipes/R0016/step4.jpg'),
(70, 'R0017', 1, '1.鸡蛋洗净，冷水下锅煮8分钟，捞出过冷水，轻轻敲裂蛋壳', 'assets/recipes/R0017/step1.jpg'),
(71, 'R0017', 2, '2.锅中加清水，放入茶叶、八角、桂皮、香叶、生抽、老抽、盐', 'assets/recipes/R0017/step2.jpg'),
(72, 'R0017', 3, '3.大火煮开后转小火，放入鸡蛋卤30分钟', 'assets/recipes/R0017/step3.jpg'),
(73, 'R0017', 4, '4.关火后浸泡2小时以上更入味', 'assets/recipes/R0017/step4.jpg'),
(74, 'R0018', 1, '1.牛腩切块，冷水下锅焯水去血沫，捞出洗净', 'assets/recipes/R0018/step1.jpg'),
(75, 'R0018', 2, '2.番茄切块，洋葱切块，姜切片', 'assets/recipes/R0018/step2.jpg'),
(76, 'R0018', 3, '3.热锅下油，下姜片、洋葱爆香，放入牛腩翻炒2分钟', 'assets/recipes/R0018/step3.jpg'),
(77, 'R0018', 4, '4.加生抽、老抽、少许糖，倒入足量清水，大火煮开后转小火炖1小时', 'assets/recipes/R0018/step4.jpg'),
(78, 'R0018', 5, '5.放入番茄块，再炖20分钟，加盐调味即可', 'assets/recipes/R0018/step5.jpg'),
(79, 'R0019', 1, '1.嫩豆腐倒扣在盘中，划成小块', 'assets/recipes/R0019/step1.jpg'),
(80, 'R0019', 2, '2.蒜切末，放入碗中，加生抽、香油、少许盐调成料汁', 'assets/recipes/R0019/step2.jpg'),
(81, 'R0019', 3, '3.料汁浇在豆腐上，撒葱花即可', 'assets/recipes/R0019/step3.jpg'),
(82, 'R0020', 1, '1.鸡胸肉洗净，用刀背拍松，加少许盐、黑胡椒、料酒腌10分钟', 'assets/recipes/R0020/step1.jpg'),
(83, 'R0020', 2, '2.热锅刷少许油，放入鸡胸肉，中小火煎3分钟', 'assets/recipes/R0020/step2.jpg'),
(84, 'R0020', 3, '3.翻面再煎3分钟，至两面金黄、内部熟透', 'assets/recipes/R0020/step3.jpg'),
(85, 'R0020', 4, '4.出锅切块，可搭配生菜食用', 'assets/recipes/R0020/step4.jpg'),
(86, 'R0021', 1, '1.小米洗净，提前浸泡30分钟', 'assets/recipes/R0021/step1.jpg'),
(87, 'R0021', 2, '2.锅中加足量清水烧开，放入小米', 'assets/recipes/R0021/step2.jpg'),
(88, 'R0021', 3, '3.大火煮开后转小火，煮20-30分钟，至粥粘稠', 'assets/recipes/R0021/step3.jpg'),
(89, 'R0022', 1, '1.猪里脊切丝，加少许盐、料酒、淀粉腌10分钟，木耳、胡萝卜、青椒切丝，葱姜蒜切末', 'assets/recipes/R0022/step1.jpg'),
(90, 'R0022', 2, '2 .碗中加生抽、醋、糖、盐、淀粉、少许清水调成鱼香汁', 'assets/recipes/R0022/step2.jpg'),
(91, 'R0022', 3, '3.热锅下油，下肉丝炒至变色盛出，另起锅，下葱姜蒜爆香，放豆瓣酱炒出红油，倒入配菜炒2分钟', 'assets/recipes/R0022/step3.jpg'),
(92, 'R0022', 4, '4.倒回肉丝，淋入鱼香汁，大火翻炒收汁即可', 'assets/recipes/R0022/step4.jpg'),
(93, 'R0023', 1, '1.莲藕去皮切薄片，焯水2分钟捞出过冷水', 'assets/recipes/R0023/step1.jpg'),
(94, 'R0023', 2, '2.碗中加生抽、醋、糖、盐、香油调成料汁', 'assets/recipes/R0023/step2.jpg'),
(95, 'R0023', 3, '3.料汁倒入藕片中，加蒜末、小米辣拌匀即可', 'assets/recipes/R0023/step3.jpg'),
(96, 'R0024', 1, '1.排骨洗净切段，冷水下锅焯水去血沫，捞出洗净', 'assets/recipes/R0024/step1.jpg'),
(97, 'R0024', 2, '2.排骨加少许盐、料酒、生抽、淀粉、姜片腌15分钟', 'assets/recipes/R0024/step2.jpg'),
(98, 'R0024', 3, '3.水开后上锅蒸30分钟', 'assets/recipes/R0024/step3.jpg'),
(99, 'R0024', 4, '4.出锅撒葱花，淋少许热油即可', 'assets/recipes/R0024/step4.jpg'),
(100, 'R0025', 1, '1.锅中加少量清水烧开，放入燕麦片煮2分钟', 'assets/recipes/R0025/step1.jpg');

INSERT INTO `recipe_step` (`step_id`, `recipe_id`, `step_no`, `step_text`, `step_image`) VALUES
(101, 'R0025', 2, '2.倒入牛奶，小火煮1分钟，至燕麦粘稠', 'assets/recipes/R0025/step2.jpg'),
(102, 'R0025', 3, '3.出锅可加少许蜂蜜或水果丁调味', 'assets/recipes/R0025/step3.jpg'),
(103, 'R0026', 1, '1.土豆、茄子切滚刀块，青椒切块', 'assets/recipes/R0026/step1.jpg'),
(104, 'R0026', 2, '2.热锅下油，放入土豆块煎至表面金黄捞出', 'assets/recipes/R0026/step2.jpg'),
(105, 'R0026', 3, '3.再放入茄子块煎至变软，加蒜末爆香', 'assets/recipes/R0026/step3.jpg'),
(106, 'R0026', 4, '4.倒入土豆、青椒，加生抽、少许糖、盐，翻炒2分钟', 'assets/recipes/R0026/step4.jpg'),
(107, 'R0026', 5, '5.勾薄芡，大火收汁即可', 'assets/recipes/R0026/cover.jpg'),
(108, 'R0027', 1, '1.木耳提前泡发，洗净撕成小朵，焯水2分钟捞出过冷水', 'assets/recipes/R0027/step1.jpg'),
(109, 'R0027', 2, '2.碗中加蒜末、小米辣、生抽、醋、香油、少许糖、盐调成料汁', 'assets/recipes/R0027/step2.jpg'),
(110, 'R0027', 3, '3.料汁倒入木耳中，拌匀即可', 'assets/recipes/R0027/step3.jpg'),
(111, 'R0028', 1, '1.排骨洗净切段，冷水下锅焯水去血沫，捞出洗净。冬瓜去皮切大块，海带泡发洗净切块，姜切片', 'assets/recipes/R0028/step1.png'),
(112, 'R0028', 2, '2.砂锅中放入排骨、姜片，加足量清水，大火煮开后转小火炖30分钟', 'assets/recipes/R0028/step2.png'),
(113, 'R0028', 3, '3.放入冬瓜、海带，再炖20分钟，加盐调味即可', 'assets/recipes/R0028/step3.png'),
(114, 'R0029', 1, '1.鸡蛋冷水下锅煮8分钟，捞出过冷水剥壳切块', ''),
(115, 'R0029', 2, '2.生菜、黄瓜、小番茄洗净，生菜撕片，黄瓜切片，小番茄对半切', ''),
(116, 'R0029', 3, '3.所有食材放入碗中，淋少许油醋汁，拌匀即可', 'assets/recipes/R0029/cover.jpg'),
(117, 'R0030', 1, '1.老豆腐切小块，焯水2分钟捞出', 'assets/recipes/R0030/step1.jpg'),
(118, 'R0030', 2, '2.热锅下油，下蒜末爆香，加豆瓣酱炒出红油', 'assets/recipes/R0030/step2.jpg'),
(119, 'R0030', 3, '3.加生抽、老抽、少许糖，倒入适量清水煮开', 'assets/recipes/R0030/step3.jpg'),
(120, 'R0030', 4, '4.放入豆腐，小火煮5分钟，勾薄芡，撒葱花即可', 'assets/recipes/R0030/step4.jpg'),
(121, 'R0031', 1, '1.豆角洗净切段，焯水2分钟捞出', 'assets/recipes/R0031/step1.jpg'),
(122, 'R0031', 2, '2.热锅少油，下蒜末爆香', 'assets/recipes/R0031/step2.jpg'),
(123, 'R0031', 3, '3.倒入豆角大火快炒3分钟', 'assets/recipes/R0031/step3.jpg'),
(124, 'R0031', 4, '4.加盐、少许生抽调味即可出锅', 'assets/recipes/R0031/step4.jpg'),
(125, 'R0032', 1, '1.红皮梨去皮切小丁', 'assets/recipes/R0032/step1.jpg'),
(126, 'R0032', 2, '2.碗中倒入无糖酸奶', 'assets/recipes/R0032/step2.jpg'),
(127, 'R0032', 3, '3.撒上少许水果麦片', 'assets/recipes/R0032/step3.jpg'),
(128, 'R0032', 4, '4.梨丁放水果麦片上即可', 'assets/recipes/R0032/step4.jpg'),
(129, 'R0033', 1, '1.鸡腿去骨', 'assets/recipes/R0033/step1.jpg'),
(130, 'R0033', 2, '2.带皮切丁，用生抽、料酒和淀粉码味', 'assets/recipes/R0033/step2.jpg'),
(131, 'R0033', 3, '3.花生米小火小油炸至金黄', 'assets/recipes/R0033/step3.jpg'),
(132, 'R0033', 4, '4.用糖、醋、生抽、老抽少许、盐和淀粉调成一碗酱汁，比例为2：2：1：0.5：0.5：1。专业厨师称碗芡。', 'assets/recipes/R0033/step4.jpg'),
(133, 'R0033', 5, '5.葱姜蒜切块，干辣椒切段', 'assets/recipes/R0033/step5.jpg'),
(134, 'R0033', 6, '6.锅烧热倒入花生油加少许猪油，放入干辣椒花椒炒至其变为棕红色，放入鸡丁炒至段生，放入葱姜蒜炒香，倒入酱汁炒至汁水块干，放入花生米拌匀装盘。', 'assets/recipes/R0033/step6.jpg'),
(135, 'R0034', 1, '1.锅内放适量的清水煮开后先放入杏鲍菇片再次煮沸后1分钟捞出', 'assets/recipes/R0034/step1.jpg'),
(136, 'R0034', 2, '2.将胡萝卜丝放入锅内焯水1分钟捞出', 'assets/recipes/R0034/step2.jpg'),
(137, 'R0034', 3, '3.将菠菜放入沸水中焯水2分钟之后捞出', 'assets/recipes/R0034/step3.jpg'),
(138, 'R0034', 4, '4.小碗中放入2勺薄盐黄豆酱和1勺薄盐生抽用适量的凉白开稀释一下', 'assets/recipes/R0034/step4.jpg'),
(139, 'R0034', 5, '5.在沙拉碗内放入手撕的杏鲍菇丝', 'assets/recipes/R0034/step5.jpg'),
(140, 'R0034', 6, '6.放入焯水过的胡萝卜丝', 'assets/recipes/R0034/step6.jpg'),
(141, 'R0034', 7, '7.放入焯水过的菠菜，倒入混合的调味汁，用手抓拌均匀', 'assets/recipes/R0034/step7.jpg'),
(142, 'R0034', 8, '8.倒入1勺有机亚麻籽油', 'assets/recipes/R0034/step8.jpg'),
(143, 'R0034', 9, '9.拌匀即可装盘', 'assets/recipes/R0034/step9.jpg'),
(144, 'R0035', 1, '1.三黄鸡洗净切块，冷水下锅焯水去血沫，捞出洗净', 'assets/recipes/R0035/step1.jpg'),
(145, 'R0035', 2, '2.香菇洗净切半，红枣去核，枸杞洗净，姜切片', 'assets/recipes/R0035/step2.jpg'),
(146, 'R0035', 3, '3.凉水放入鸡块，适量葱、姜，倒入适量料酒去腥，上火大火烧开', 'assets/recipes/R0035/step3.jpg'),
(147, 'R0035', 4, '4.加入黑木耳、黄花菜、香菇', 'assets/recipes/R0035/step4.jpg'),
(148, 'R0035', 5, '5.加入适量盐', 'assets/recipes/R0035/step5.jpg'),
(149, 'R0035', 6, '6.大火烧开后，小火煲20分钟，鸡肉酥烂就可以了', 'assets/recipes/R0035/step6.jpg'),
(150, 'R0035', 7, '7.加点鸡精，一碗鲜香可口的香菇鸡汤就好了，简单容易做，营养美味', 'assets/recipes/R0035/cover.jpg'),
(151, 'R0036', 1, '1.娃娃菜洗净，切成4瓣', 'assets/recipes/R0036/step1.jpg'),
(152, 'R0036', 2, '2.热锅少油，下蒜末爆香', 'assets/recipes/R0036/step2.jpg'),
(153, 'R0036', 3, '3.倒入娃娃菜大火快炒2分钟', 'assets/recipes/R0036/step3.jpg'),
(154, 'R0036', 4, '4.加盐、少许白胡椒粉调味即可出锅', 'assets/recipes/R0036/step4.jpg'),
(155, 'R0037', 1, '1.全麦面粉、高筋面粉、酵母、盐、清水混合，揉成光滑面团', 'assets/recipes/R0037/step1.jpg'),
(156, 'R0037', 2, '2.面团发酵至2倍大，取出排气，揉成椭圆形', 'assets/recipes/R0037/step2.jpg'),
(157, 'R0037', 3, '3.放入吐司盒，二次发酵至8分满', 'assets/recipes/R0037/step3.jpg'),
(158, 'R0037', 4, '4.烤箱预热180度，烤35-40分钟，出炉放凉切片即可', 'assets/recipes/R0037/step4.jpg'),
(159, 'R0038', 1, '1.土豆去皮切细丝，用清水冲洗掉淀粉，焯水2分钟捞出过冷水', 'assets/recipes/R0038/step1.jpeg'),
(160, 'R0038', 2, '2.碗中加蒜末、小米辣、生抽、醋、香油、少许糖、盐调成料汁', 'assets/recipes/R0038/step2.jpeg'),
(161, 'R0038', 3, '3.料汁倒入土豆丝中，拌匀即可', 'assets/recipes/R0038/step3.jpeg'),
(162, 'R0039', 1, '1. 取50克武阳春雨绿茶，用开水冲泡10分钟，至茶香充分释放，放凉备用', 'assets/recipes/R0039/step1.jpg'),
(163, 'R0039', 2, '2. 鲜虾400克剪去虾须、虾枪，开背去除虾线，清洗干净沥干水分', 'assets/recipes/R0039/step2.jpg'),
(164, 'R0039', 3, '3. 放凉的茶汤中加入3克盐，放入处理好的鲜虾，浸泡30分钟让虾肉充分吸收茶香；', 'assets/recipes/R0039/step3.jpg'),
(165, 'R0039', 4, '4. 泡好的茶叶挤干水分，切成细末，均匀铺在垫了锡纸的烤盘上；', 'assets/recipes/R0039/step4.jpg'),
(166, 'R0039', 5, '5. 浸泡好的鲜虾捞出沥干，均匀铺在茶叶上，在虾身表面刷上一层茶油；', 'assets/recipes/R0039/step5.jpg'),
(167, 'R0039', 6, '6. 烤箱提前预热，将烤盘放入烤箱中层，上下火160度烤制25分钟；', 'assets/recipes/R0039/step6.jpg'),
(168, 'R0039', 7, '7. 出炉后撒上2克黑胡椒、2克椒盐，轻轻翻拌均匀，即可装盘食用。', 'assets/recipes/R0039/step7.jpg'),
(169, 'R0040', 1, '1.排骨洗净切段，冷水下锅焯水去血沫，捞出洗净', 'assets/recipes/R0040/step1.jpeg'),
(170, 'R0040', 2, '2.山药去皮切大块，胡萝卜切块，姜切片', 'assets/recipes/R0040/step2.jpeg'),
(171, 'R0040', 3, '3.砂锅中放入排骨、姜片，加足量清水，大火煮开后转小火炖30分钟，加入枸杞', 'assets/recipes/R0040/step3.jpeg'),
(172, 'R0040', 4, '4.放入山药、胡萝卜，再炖20分钟，加盐调味即可', 'assets/recipes/R0040/step4.jpeg'),
(173, 'R0041', 1, '1.芥兰洗净去掉表皮，切段，焯水1分钟捞出', 'assets/recipes/R0041/step1.jpg'),
(174, 'R0041', 2, '2.热锅少油，下蒜末爆香', 'assets/recipes/R0041/step2.jpg'),
(175, 'R0041', 3, '3.倒入芥兰大火快炒2分钟', 'assets/recipes/R0041/step3.jpg'),
(176, 'R0041', 4, '4.加盐、少许生抽调味即可出锅', 'assets/recipes/R0041/step4.jpg'),
(177, 'R0042', 1, '1.香蕉去皮压成泥，加入鸡蛋、牛奶、低筋面粉、泡打粉、少许糖，搅拌成无颗粒的面糊', 'assets/recipes/R0042/step1.jpg'),
(178, 'R0042', 2, '2.平底锅刷少许油，小火加热，舀入一勺面糊', 'assets/recipes/R0042/step2.jpg'),
(179, 'R0042', 3, '3.煎至表面出现小气泡，翻面再煎1分钟，至两面金黄', 'assets/recipes/R0042/step3.jpg'),
(180, 'R0042', 4, '4.出锅可搭配酸奶、水果食用', 'assets/recipes/R0042/step4.jpg'),
(181, 'R0043', 1, '1.腐竹提前泡发，洗净切段，焯水2分钟捞出过冷水', 'assets/recipes/R0043/step1.jpg'),
(182, 'R0043', 2, '2.黄瓜切丝，胡萝卜切丝，蒜切末', 'assets/recipes/R0043/step2.jpg'),
(183, 'R0043', 3, '3.碗中加生抽、醋、香油、少许糖、盐调成料汁', 'assets/recipes/R0043/step3.jpg'),
(184, 'R0043', 4, '4.所有食材放入碗中，淋入料汁拌匀即可', 'assets/recipes/R0043/step4.jpg'),
(185, 'R0044', 1, '1.排骨洗净切段，冷水下锅焯水去血沫，捞出洗净', 'assets/recipes/R0044/step1.jpg'),
(186, 'R0044', 2, '2.冬瓜去皮切大块，薏米提前浸泡2小时，姜切片', 'assets/recipes/R0044/step2.jpg'),
(187, 'R0044', 3, '3.砂锅中放入排骨、姜片、薏米，加足量清水，大火煮开后转小火炖30分钟', 'assets/recipes/R0044/step3.jpg'),
(188, 'R0044', 4, '4.放入冬瓜，再炖20分钟，加盐调味即可', 'assets/recipes/R0044/step4.jpg'),
(189, 'R0045', 1, '1.空心菜洗净，切段', 'assets/recipes/R0045/step1.jpg'),
(190, 'R0045', 2, '2.热锅少油，下蒜末、小米辣爆香', 'assets/recipes/R0045/step2.jpg'),
(191, 'R0045', 3, '3.倒入空心菜大火快炒2分钟', 'assets/recipes/R0045/step3.jpg'),
(192, 'R0045', 4, '4.加盐、少许生抽调味即可出锅', 'assets/recipes/R0045/step4.jpg'),
(193, 'R0046', 1, '1.排骨洗净切段，冷水下锅焯水去血沫，捞出洗净', 'assets/recipes/R0046/step1.jpg'),
(194, 'R0046', 2, '2.热锅下油，放入冰糖炒至融化呈焦糖色，倒入排骨翻炒至上色', 'assets/recipes/R0046/step2.jpg'),
(195, 'R0046', 3, '3.加生抽、老抽、料酒、姜片、葱段，翻炒2分钟', 'assets/recipes/R0046/step3.jpg'),
(196, 'R0046', 4, '4.倒入足量清水，大火煮开后转小火炖40分钟', 'assets/recipes/R0046/step4.jpg'),
(197, 'R0046', 5, '5.大火收汁，加盐调味即可', 'assets/recipes/R0046/step5.jpg'),
(198, 'R0047', 1, '1.西红柿洗净，切块', 'assets/recipes/R0047/step1.jpg'),
(199, 'R0047', 2, '2.放入碗中，撒上少许白砂糖，拌匀即可', 'assets/recipes/R0047/step2.jpg'),
(200, 'R0048', 1, '1.银耳提前泡发，撕成小朵，莲子、百合、红枣洗净', 'assets/recipes/R0048/step1.jpg');

INSERT INTO `recipe_step` (`step_id`, `recipe_id`, `step_no`, `step_text`, `step_image`) VALUES
(201, 'R0048', 2, '2.砂锅中放入银耳、莲子、百合、红枣，加足量清水', 'assets/recipes/R0048/step2.jpg'),
(202, 'R0048', 3, '3.大火煮开后转小火炖40分钟，至银耳粘稠', 'assets/recipes/R0048/step3.jpg'),
(203, 'R0048', 4, '4.加冰糖调味，再炖10分钟即可', 'assets/recipes/R0048/step4.jpg'),
(204, 'R0049', 1, '1.芦笋洗净去皮，斜切段，撒盐加水浸泡', 'assets/recipes/R0049/step1.jpeg'),
(205, 'R0049', 2, '2.热锅少油，下蒜末爆香', 'assets/recipes/R0049/step2.jpeg'),
(206, 'R0049', 3, '3.沥干芦笋，倒入芦笋大火快炒2分钟', 'assets/recipes/R0049/step3.jpeg'),
(207, 'R0049', 4, '4.加盐、少许白胡椒粉调味即可出锅', 'assets/recipes/R0049/step4.jpeg'),
(208, 'R0050', 1, '1.鸡蛋打散，加入牛奶、淡奶油、白砂糖、炼乳，搅拌均匀，过筛2次', 'assets/recipes/R0050/step1.jpg'),
(209, 'R0050', 2, '2.蛋挞皮提前解冻，倒入蛋挞液，8分满', 'assets/recipes/R0050/step2.jpg'),
(210, 'R0050', 3, '3.烤箱预热200度，烤20-25分钟，至表面出现焦糖色即可', 'assets/recipes/R0050/step3.jpg'),
(211, 'R0051', 1, '1.白萝卜皮洗净，切细丝，加少许盐腌制10分钟去水', 'assets/recipes/R0051/step1.jpeg'),
(212, 'R0051', 2, '2.碗中加蒜末、小米辣、生抽、醋、香油、少许糖调成料汁', 'assets/recipes/R0051/step2.jpeg'),
(213, 'R0051', 3, '3.料汁倒入萝卜皮中，拌匀即可', 'assets/recipes/R0051/step3.jpeg'),
(214, 'R0052', 1, '1.乌鸡洗净切块，冷水下锅焯水去血沫，捞出洗净', 'assets/recipes/R0052/step1.jpg'),
(215, 'R0052', 2, '2.黄芪、当归、红枣、枸杞洗净，姜切片', 'assets/recipes/R0052/step2.jpg'),
(216, 'R0052', 3, '3.砂锅中放入乌鸡、姜片、黄芪、当归、红枣，加足量清水，大火煮开后转小火炖1小时，加枸杞、盐调味，再炖10分钟即可', 'assets/recipes/R0052/step3.jpg'),
(217, 'R0053', 1, '1.黄油室温放软到手指可以轻易戳洞的程度！电动打蛋器打发至变白，分次加入糖水（就是步骤一的牛奶加糖！！）继续电动打蛋器打发，直到有光泽～（很关键的一步，后面不好挤，花纹不立体就是因为这里没做到位！！）', 'assets/recipes/R0053/step1.jpg'),
(218, 'R0053', 2, '2.黄油加入过筛好的面粉！和盐，杏仁粉（杏仁粉，盐可以不过筛），搅拌均匀～', 'assets/recipes/R0053/step2.jpg'),
(219, 'R0053', 3, '3.曲奇放入裱花袋，挤在烤盘上。烤盘粘的垫烤纸！油纸！', 'assets/recipes/R0053/step3.jpg'),
(220, 'R0053', 4, '4.送入烤箱，上下火，中层，170度15-20分钟。烤箱是海氏C40，温度比较准，其他烤箱根据自己家烤箱脾气来进行调整。', 'assets/recipes/R0053/step4.jpg'),
(221, 'R0054', 1, '1.生菜洗净，撕成大片，蒜瓣切片', 'assets/recipes/R0054/step1.jpg'),
(222, 'R0054', 2, '2.锅热入油，待热后放入蒜片炝出香味，放入生菜翻炒断生，放入适量盐，味精调味即可', 'assets/recipes/R0054/step2.jpg'),
(223, 'R0055', 1, '1. 扇贝用刷子刷洗干净外壳，用小刀撬开，去掉内脏，贝肉用清水冲洗干净，贝壳保留，粉丝用温水浸泡15分钟至变软，捞出沥干水分，剪成小段', 'assets/recipes/R0055/step1.jpg'),
(224, 'R0055', 2, '2. 取扇贝壳，先铺一层粉丝，再放上贝肉，淋上调好的蒜蓉酱', 'assets/recipes/R0055/step2.jpg'),
(225, 'R0055', 3, '3. 大蒜切末，小米辣切圈，碗中放入蒜末、小米辣、生抽、蚝油、白糖、少许盐，淋入热油激出香味，调成蒜蓉酱', 'assets/recipes/R0055/step3.jpg'),
(226, 'R0055', 4, '4. 水开后上锅，大火蒸8-10分钟，出锅撒上葱花，淋少许热油即可', 'assets/recipes/R0055/step4.jpg');

INSERT INTO `recipe_image` (`image_id`, `recipe_id`, `image_type`, `image_path`, `sort_order`, `step_no`) VALUES
(1, 'R0001', 'cover', 'assets/recipes/R0001/cover.jpg', 0, NULL),
(2, 'R0001', 'step', 'assets/recipes/R0001/step1.jpg', 1, 1),
(3, 'R0001', 'step', 'assets/recipes/R0001/step2.jpg', 2, 2),
(4, 'R0002', 'cover', 'assets/recipes/R0002/cover.jpg', 0, NULL),
(5, 'R0002', 'step', 'assets/recipes/R0002/step1.jpg', 1, 1),
(6, 'R0002', 'step', 'assets/recipes/R0002/step2.jpg', 2, 2),
(7, 'R0002', 'step', 'assets/recipes/R0002/step3.jpg', 3, 3),
(8, 'R0002', 'step', 'assets/recipes/R0002/step4.jpg', 4, 4),
(9, 'R0002', 'step', 'assets/recipes/R0002/step5.jpg', 5, 5),
(10, 'R0002', 'step', 'assets/recipes/R0002/cover.jpg', 6, 6),
(11, 'R0003', 'cover', 'assets/recipes/R0003/cover.jpg', 0, NULL),
(12, 'R0003', 'step', 'assets/recipes/R0003/step1.jpg', 1, 1),
(13, 'R0003', 'step', 'assets/recipes/R0003/step2.jpg', 2, 2),
(14, 'R0003', 'step', 'assets/recipes/R0003/step3.jpg', 3, 3),
(15, 'R0003', 'step', 'assets/recipes/R0003/step4.jpg', 4, 4),
(16, 'R0003', 'step', 'assets/recipes/R0003/step5.jpg', 5, 5),
(17, 'R0003', 'step', 'assets/recipes/R0003/step6.jpg', 6, 6),
(18, 'R0004', 'cover', 'assets/recipes/R0004/cover.jpg', 0, NULL),
(19, 'R0004', 'step', 'assets/recipes/R0004/step1.jpg', 1, 1),
(20, 'R0004', 'step', 'assets/recipes/R0004/step2.jpg', 2, 2),
(21, 'R0004', 'step', 'assets/recipes/R0004/step3.jpg', 3, 3),
(22, 'R0004', 'step', 'assets/recipes/R0004/cover.jpg', 4, 4),
(23, 'R0005', 'cover', 'assets/recipes/R0005/cover.jpg', 0, NULL),
(24, 'R0005', 'step', 'assets/recipes/R0005/step1.jpg', 1, 1),
(25, 'R0005', 'step', 'assets/recipes/R0005/step2.jpg', 2, 2),
(26, 'R0005', 'step', 'assets/recipes/R0005/step3.jpg', 3, 3),
(27, 'R0006', 'cover', 'assets/recipes/R0006/cover.jpg', 0, NULL),
(28, 'R0006', 'step', 'assets/recipes/R0006/step1.jpg', 1, 1),
(29, 'R0006', 'step', 'assets/recipes/R0006/step2.jpg', 2, 2),
(30, 'R0006', 'step', 'assets/recipes/R0006/step3.jpg', 3, 3),
(31, 'R0006', 'step', 'assets/recipes/R0006/step4.jpg', 4, 4),
(32, 'R0006', 'step', 'assets/recipes/R0006/step5.jpg', 5, 5),
(33, 'R0007', 'cover', 'assets/recipes/R0007/cover.jpg', 0, NULL),
(34, 'R0007', 'step', 'assets/recipes/R0007/step1.jpg', 1, 1),
(35, 'R0007', 'step', 'assets/recipes/R0007/step2.jpg', 2, 2),
(36, 'R0007', 'step', 'assets/recipes/R0007/step3.jpg', 3, 3),
(37, 'R0007', 'step', 'assets/recipes/R0007/step4.jpg', 4, 4),
(38, 'R0008', 'cover', 'assets/recipes/R0008/cover.jpg', 0, NULL),
(39, 'R0008', 'step', 'assets/recipes/R0008/step1.jpg', 1, 1),
(40, 'R0008', 'step', 'assets/recipes/R0008/step2.jpg', 2, 2),
(41, 'R0008', 'step', 'assets/recipes/R0008/step3.jpg', 3, 3),
(42, 'R0008', 'step', 'assets/recipes/R0008/step4.jpg', 4, 4),
(43, 'R0009', 'cover', 'assets/recipes/R0009/cover.jpg', 0, NULL),
(44, 'R0009', 'step', 'assets/recipes/R0009/step1.jpg', 1, 1),
(45, 'R0009', 'step', 'assets/recipes/R0009/step2.jpg', 2, 2),
(46, 'R0009', 'step', 'assets/recipes/R0009/step3.jpg', 3, 3),
(47, 'R0009', 'step', 'assets/recipes/R0009/step4.jpg', 4, 4),
(48, 'R0009', 'step', 'assets/recipes/R0009/cover.jpg', 5, 5),
(49, 'R0010', 'cover', 'assets/recipes/R0010/cover.jpg', 0, NULL),
(50, 'R0010', 'step', 'assets/recipes/R0010/step1.jpg', 1, 1),
(51, 'R0010', 'step', 'assets/recipes/R0010/step2.jpg', 2, 2),
(52, 'R0010', 'step', 'assets/recipes/R0010/step3.jpg', 3, 3),
(53, 'R0010', 'step', 'assets/recipes/R0010/step4.jpg', 4, 4),
(54, 'R0010', 'step', 'assets/recipes/R0010/step5.jpg', 5, 5),
(55, 'R0010', 'step', 'assets/recipes/R0010/cover.jpg', 6, 6),
(56, 'R0011', 'cover', 'assets/recipes/R0011/cover.jpg', 0, NULL),
(57, 'R0011', 'step', 'assets/recipes/R0011/step1.jpg', 1, 1),
(58, 'R0011', 'step', 'assets/recipes/R0011/step2.jpg', 2, 2),
(59, 'R0011', 'step', 'assets/recipes/R0011/step3.jpg', 3, 3),
(60, 'R0011', 'step', 'assets/recipes/R0011/step4.jpg', 4, 4),
(61, 'R0011', 'step', 'assets/recipes/R0011/cover.jpg', 5, 5),
(62, 'R0012', 'cover', 'assets/recipes/R0012/cover.jpg', 0, NULL),
(63, 'R0012', 'step', 'assets/recipes/R0012/step1.jpg', 1, 1),
(64, 'R0012', 'step', 'assets/recipes/R0012/step2.jpg', 2, 2),
(65, 'R0012', 'step', 'assets/recipes/R0012/step3.jpg', 3, 3),
(66, 'R0012', 'step', 'assets/recipes/R0012/step4.jpg', 4, 4),
(67, 'R0013', 'cover', 'assets/recipes/R0013/cover.jpg', 0, NULL),
(68, 'R0013', 'step', 'assets/recipes/R0013/step1.jpg', 1, 1),
(69, 'R0013', 'step', 'assets/recipes/R0013/step2.jpg', 2, 2),
(70, 'R0013', 'step', 'assets/recipes/R0013/step3.jpg', 3, 3),
(71, 'R0014', 'cover', 'assets/recipes/R0014/cover.jpg', 0, NULL),
(72, 'R0014', 'step', 'assets/recipes/R0014/step1.jpg', 1, 1),
(73, 'R0014', 'step', 'assets/recipes/R0014/step2.jpg', 2, 2),
(74, 'R0014', 'step', 'assets/recipes/R0014/step3.jpg', 3, 3),
(75, 'R0014', 'step', 'assets/recipes/R0014/step4.jpg', 4, 4),
(76, 'R0014', 'step', 'assets/recipes/R0014/step5.jpg', 5, 5),
(77, 'R0015', 'cover', 'assets/recipes/R0015/cover.jpg', 0, NULL),
(78, 'R0015', 'step', 'assets/recipes/R0015/step1.jpg', 1, 1),
(79, 'R0015', 'step', 'assets/recipes/R0015/step2.jpg', 2, 2),
(80, 'R0015', 'step', 'assets/recipes/R0015/step3.jpg', 3, 3),
(81, 'R0016', 'cover', 'assets/recipes/R0016/cover.jpg', 0, NULL),
(82, 'R0016', 'step', 'assets/recipes/R0016/step1.jpg', 1, 1),
(83, 'R0016', 'step', 'assets/recipes/R0016/step2.jpg', 2, 2),
(84, 'R0016', 'step', 'assets/recipes/R0016/step3.jpg', 3, 3),
(85, 'R0016', 'step', 'assets/recipes/R0016/step4.jpg', 4, 4),
(86, 'R0017', 'cover', 'assets/recipes/R0017/cover.jpg', 0, NULL),
(87, 'R0017', 'step', 'assets/recipes/R0017/step1.jpg', 1, 1),
(88, 'R0017', 'step', 'assets/recipes/R0017/step2.jpg', 2, 2),
(89, 'R0017', 'step', 'assets/recipes/R0017/step3.jpg', 3, 3),
(90, 'R0017', 'step', 'assets/recipes/R0017/step4.jpg', 4, 4),
(91, 'R0018', 'cover', 'assets/recipes/R0018/cover.jpg', 0, NULL),
(92, 'R0018', 'step', 'assets/recipes/R0018/step1.jpg', 1, 1),
(93, 'R0018', 'step', 'assets/recipes/R0018/step2.jpg', 2, 2),
(94, 'R0018', 'step', 'assets/recipes/R0018/step3.jpg', 3, 3),
(95, 'R0018', 'step', 'assets/recipes/R0018/step4.jpg', 4, 4),
(96, 'R0018', 'step', 'assets/recipes/R0018/step5.jpg', 5, 5),
(97, 'R0019', 'cover', 'assets/recipes/R0019/cover.jpg', 0, NULL),
(98, 'R0019', 'step', 'assets/recipes/R0019/step1.jpg', 1, 1),
(99, 'R0019', 'step', 'assets/recipes/R0019/step2.jpg', 2, 2),
(100, 'R0019', 'step', 'assets/recipes/R0019/step3.jpg', 3, 3),
(101, 'R0020', 'cover', 'assets/recipes/R0020/cover.jpg', 0, NULL),
(102, 'R0020', 'step', 'assets/recipes/R0020/step1.jpg', 1, 1),
(103, 'R0020', 'step', 'assets/recipes/R0020/step2.jpg', 2, 2),
(104, 'R0020', 'step', 'assets/recipes/R0020/step3.jpg', 3, 3),
(105, 'R0020', 'step', 'assets/recipes/R0020/step4.jpg', 4, 4),
(106, 'R0021', 'cover', 'assets/recipes/R0021/cover.jpg', 0, NULL),
(107, 'R0021', 'step', 'assets/recipes/R0021/step1.jpg', 1, 1),
(108, 'R0021', 'step', 'assets/recipes/R0021/step2.jpg', 2, 2),
(109, 'R0021', 'step', 'assets/recipes/R0021/step3.jpg', 3, 3),
(110, 'R0022', 'cover', 'assets/recipes/R0022/cover.jpg', 0, NULL),
(111, 'R0022', 'step', 'assets/recipes/R0022/step1.jpg', 1, 1),
(112, 'R0022', 'step', 'assets/recipes/R0022/step2.jpg', 2, 2),
(113, 'R0022', 'step', 'assets/recipes/R0022/step3.jpg', 3, 3),
(114, 'R0022', 'step', 'assets/recipes/R0022/step4.jpg', 4, 4),
(115, 'R0023', 'cover', 'assets/recipes/R0023/cover.jpg', 0, NULL),
(116, 'R0023', 'step', 'assets/recipes/R0023/step1.jpg', 1, 1),
(117, 'R0023', 'step', 'assets/recipes/R0023/step2.jpg', 2, 2),
(118, 'R0023', 'step', 'assets/recipes/R0023/step3.jpg', 3, 3),
(119, 'R0024', 'cover', 'assets/recipes/R0024/cover.jpg', 0, NULL),
(120, 'R0024', 'step', 'assets/recipes/R0024/step1.jpg', 1, 1),
(121, 'R0024', 'step', 'assets/recipes/R0024/step2.jpg', 2, 2),
(122, 'R0024', 'step', 'assets/recipes/R0024/step3.jpg', 3, 3),
(123, 'R0024', 'step', 'assets/recipes/R0024/step4.jpg', 4, 4),
(124, 'R0025', 'cover', 'assets/recipes/R0025/cover.jpg', 0, NULL),
(125, 'R0025', 'step', 'assets/recipes/R0025/step1.jpg', 1, 1),
(126, 'R0025', 'step', 'assets/recipes/R0025/step2.jpg', 2, 2),
(127, 'R0025', 'step', 'assets/recipes/R0025/step3.jpg', 3, 3),
(128, 'R0026', 'cover', 'assets/recipes/R0026/cover.jpg', 0, NULL),
(129, 'R0026', 'step', 'assets/recipes/R0026/step1.jpg', 1, 1),
(130, 'R0026', 'step', 'assets/recipes/R0026/step2.jpg', 2, 2),
(131, 'R0026', 'step', 'assets/recipes/R0026/step3.jpg', 3, 3),
(132, 'R0026', 'step', 'assets/recipes/R0026/step4.jpg', 4, 4),
(133, 'R0026', 'step', 'assets/recipes/R0026/cover.jpg', 5, 5),
(134, 'R0027', 'cover', 'assets/recipes/R0027/cover.jpg', 0, NULL),
(135, 'R0027', 'step', 'assets/recipes/R0027/step1.jpg', 1, 1),
(136, 'R0027', 'step', 'assets/recipes/R0027/step2.jpg', 2, 2),
(137, 'R0027', 'step', 'assets/recipes/R0027/step3.jpg', 3, 3),
(138, 'R0028', 'cover', 'assets/recipes/R0028/cover.jpg', 0, NULL),
(139, 'R0028', 'step', 'assets/recipes/R0028/step1.png', 1, 1),
(140, 'R0028', 'step', 'assets/recipes/R0028/step2.png', 2, 2),
(141, 'R0028', 'step', 'assets/recipes/R0028/step3.png', 3, 3),
(142, 'R0029', 'cover', 'assets/recipes/R0029/cover.jpg', 0, NULL),
(143, 'R0029', 'step', '', 1, 1),
(144, 'R0029', 'step', '', 2, 2),
(145, 'R0029', 'step', 'assets/recipes/R0029/cover.jpg', 3, 3),
(146, 'R0030', 'cover', 'assets/recipes/R0030/cover.jpg', 0, NULL),
(147, 'R0030', 'step', 'assets/recipes/R0030/step1.jpg', 1, 1),
(148, 'R0030', 'step', 'assets/recipes/R0030/step2.jpg', 2, 2),
(149, 'R0030', 'step', 'assets/recipes/R0030/step3.jpg', 3, 3),
(150, 'R0030', 'step', 'assets/recipes/R0030/step4.jpg', 4, 4),
(151, 'R0031', 'cover', 'assets/recipes/R0031/cover.jpg', 0, NULL),
(152, 'R0031', 'step', 'assets/recipes/R0031/step1.jpg', 1, 1),
(153, 'R0031', 'step', 'assets/recipes/R0031/step2.jpg', 2, 2),
(154, 'R0031', 'step', 'assets/recipes/R0031/step3.jpg', 3, 3),
(155, 'R0031', 'step', 'assets/recipes/R0031/step4.jpg', 4, 4),
(156, 'R0032', 'cover', 'assets/recipes/R0032/cover.jpg', 0, NULL),
(157, 'R0032', 'step', 'assets/recipes/R0032/step1.jpg', 1, 1),
(158, 'R0032', 'step', 'assets/recipes/R0032/step2.jpg', 2, 2),
(159, 'R0032', 'step', 'assets/recipes/R0032/step3.jpg', 3, 3),
(160, 'R0032', 'step', 'assets/recipes/R0032/step4.jpg', 4, 4),
(161, 'R0033', 'cover', 'assets/recipes/R0033/cover.jpg', 0, NULL),
(162, 'R0033', 'step', 'assets/recipes/R0033/step1.jpg', 1, 1),
(163, 'R0033', 'step', 'assets/recipes/R0033/step2.jpg', 2, 2),
(164, 'R0033', 'step', 'assets/recipes/R0033/step3.jpg', 3, 3),
(165, 'R0033', 'step', 'assets/recipes/R0033/step4.jpg', 4, 4),
(166, 'R0033', 'step', 'assets/recipes/R0033/step5.jpg', 5, 5),
(167, 'R0033', 'step', 'assets/recipes/R0033/step6.jpg', 6, 6),
(168, 'R0034', 'cover', 'assets/recipes/R0034/cover.jpg', 0, NULL),
(169, 'R0034', 'step', 'assets/recipes/R0034/step1.jpg', 1, 1),
(170, 'R0034', 'step', 'assets/recipes/R0034/step2.jpg', 2, 2),
(171, 'R0034', 'step', 'assets/recipes/R0034/step3.jpg', 3, 3),
(172, 'R0034', 'step', 'assets/recipes/R0034/step4.jpg', 4, 4),
(173, 'R0034', 'step', 'assets/recipes/R0034/step5.jpg', 5, 5),
(174, 'R0034', 'step', 'assets/recipes/R0034/step6.jpg', 6, 6),
(175, 'R0034', 'step', 'assets/recipes/R0034/step7.jpg', 7, 7),
(176, 'R0034', 'step', 'assets/recipes/R0034/step8.jpg', 8, 8),
(177, 'R0034', 'step', 'assets/recipes/R0034/step9.jpg', 9, 9),
(178, 'R0035', 'cover', 'assets/recipes/R0035/cover.jpg', 0, NULL),
(179, 'R0035', 'step', 'assets/recipes/R0035/step1.jpg', 1, 1),
(180, 'R0035', 'step', 'assets/recipes/R0035/step2.jpg', 2, 2),
(181, 'R0035', 'step', 'assets/recipes/R0035/step3.jpg', 3, 3),
(182, 'R0035', 'step', 'assets/recipes/R0035/step4.jpg', 4, 4),
(183, 'R0035', 'step', 'assets/recipes/R0035/step5.jpg', 5, 5),
(184, 'R0035', 'step', 'assets/recipes/R0035/step6.jpg', 6, 6),
(185, 'R0035', 'step', 'assets/recipes/R0035/cover.jpg', 7, 7),
(186, 'R0036', 'cover', 'assets/recipes/R0036/cover.jpg', 0, NULL),
(187, 'R0036', 'step', 'assets/recipes/R0036/step1.jpg', 1, 1),
(188, 'R0036', 'step', 'assets/recipes/R0036/step2.jpg', 2, 2),
(189, 'R0036', 'step', 'assets/recipes/R0036/step3.jpg', 3, 3),
(190, 'R0036', 'step', 'assets/recipes/R0036/step4.jpg', 4, 4),
(191, 'R0037', 'cover', 'assets/recipes/R0037/cover.jpg', 0, NULL),
(192, 'R0037', 'step', 'assets/recipes/R0037/step1.jpg', 1, 1),
(193, 'R0037', 'step', 'assets/recipes/R0037/step2.jpg', 2, 2),
(194, 'R0037', 'step', 'assets/recipes/R0037/step3.jpg', 3, 3),
(195, 'R0037', 'step', 'assets/recipes/R0037/step4.jpg', 4, 4),
(196, 'R0038', 'cover', 'assets/recipes/R0038/cover.jpeg', 0, NULL),
(197, 'R0038', 'step', 'assets/recipes/R0038/step1.jpeg', 1, 1),
(198, 'R0038', 'step', 'assets/recipes/R0038/step2.jpeg', 2, 2),
(199, 'R0038', 'step', 'assets/recipes/R0038/step3.jpeg', 3, 3),
(200, 'R0039', 'cover', 'assets/recipes/R0039/cover.jpg', 0, NULL);

INSERT INTO `recipe_image` (`image_id`, `recipe_id`, `image_type`, `image_path`, `sort_order`, `step_no`) VALUES
(201, 'R0039', 'step', 'assets/recipes/R0039/step1.jpg', 1, 1),
(202, 'R0039', 'step', 'assets/recipes/R0039/step2.jpg', 2, 2),
(203, 'R0039', 'step', 'assets/recipes/R0039/step3.jpg', 3, 3),
(204, 'R0039', 'step', 'assets/recipes/R0039/step4.jpg', 4, 4),
(205, 'R0039', 'step', 'assets/recipes/R0039/step5.jpg', 5, 5),
(206, 'R0039', 'step', 'assets/recipes/R0039/step6.jpg', 6, 6),
(207, 'R0039', 'step', 'assets/recipes/R0039/step7.jpg', 7, 7),
(208, 'R0040', 'cover', 'assets/recipes/R0040/cover.jpeg', 0, NULL),
(209, 'R0040', 'step', 'assets/recipes/R0040/step1.jpeg', 1, 1),
(210, 'R0040', 'step', 'assets/recipes/R0040/step2.jpeg', 2, 2),
(211, 'R0040', 'step', 'assets/recipes/R0040/step3.jpeg', 3, 3),
(212, 'R0040', 'step', 'assets/recipes/R0040/step4.jpeg', 4, 4),
(213, 'R0041', 'cover', 'assets/recipes/R0041/cover.jpg', 0, NULL),
(214, 'R0041', 'step', 'assets/recipes/R0041/step1.jpg', 1, 1),
(215, 'R0041', 'step', 'assets/recipes/R0041/step2.jpg', 2, 2),
(216, 'R0041', 'step', 'assets/recipes/R0041/step3.jpg', 3, 3),
(217, 'R0041', 'step', 'assets/recipes/R0041/step4.jpg', 4, 4),
(218, 'R0042', 'cover', 'assets/recipes/R0042/cover.jpg', 0, NULL),
(219, 'R0042', 'step', 'assets/recipes/R0042/step1.jpg', 1, 1),
(220, 'R0042', 'step', 'assets/recipes/R0042/step2.jpg', 2, 2),
(221, 'R0042', 'step', 'assets/recipes/R0042/step3.jpg', 3, 3),
(222, 'R0042', 'step', 'assets/recipes/R0042/step4.jpg', 4, 4),
(223, 'R0043', 'cover', 'assets/recipes/R0043/cover.jpg', 0, NULL),
(224, 'R0043', 'step', 'assets/recipes/R0043/step1.jpg', 1, 1),
(225, 'R0043', 'step', 'assets/recipes/R0043/step2.jpg', 2, 2),
(226, 'R0043', 'step', 'assets/recipes/R0043/step3.jpg', 3, 3),
(227, 'R0043', 'step', 'assets/recipes/R0043/step4.jpg', 4, 4),
(228, 'R0044', 'cover', 'assets/recipes/R0044/cover.jpg', 0, NULL),
(229, 'R0044', 'step', 'assets/recipes/R0044/step1.jpg', 1, 1),
(230, 'R0044', 'step', 'assets/recipes/R0044/step2.jpg', 2, 2),
(231, 'R0044', 'step', 'assets/recipes/R0044/step3.jpg', 3, 3),
(232, 'R0044', 'step', 'assets/recipes/R0044/step4.jpg', 4, 4),
(233, 'R0045', 'cover', 'assets/recipes/R0045/cover.jpg', 0, NULL),
(234, 'R0045', 'step', 'assets/recipes/R0045/step1.jpg', 1, 1),
(235, 'R0045', 'step', 'assets/recipes/R0045/step2.jpg', 2, 2),
(236, 'R0045', 'step', 'assets/recipes/R0045/step3.jpg', 3, 3),
(237, 'R0045', 'step', 'assets/recipes/R0045/step4.jpg', 4, 4),
(238, 'R0046', 'cover', 'assets/recipes/R0046/cover.jpg', 0, NULL),
(239, 'R0046', 'step', 'assets/recipes/R0046/step1.jpg', 1, 1),
(240, 'R0046', 'step', 'assets/recipes/R0046/step2.jpg', 2, 2),
(241, 'R0046', 'step', 'assets/recipes/R0046/step3.jpg', 3, 3),
(242, 'R0046', 'step', 'assets/recipes/R0046/step4.jpg', 4, 4),
(243, 'R0046', 'step', 'assets/recipes/R0046/step5.jpg', 5, 5),
(244, 'R0047', 'cover', 'assets/recipes/R0047/cover.jpg', 0, NULL),
(245, 'R0047', 'step', 'assets/recipes/R0047/step1.jpg', 1, 1),
(246, 'R0047', 'step', 'assets/recipes/R0047/step2.jpg', 2, 2),
(247, 'R0048', 'cover', 'assets/recipes/R0048/cover.jpg', 0, NULL),
(248, 'R0048', 'step', 'assets/recipes/R0048/step1.jpg', 1, 1),
(249, 'R0048', 'step', 'assets/recipes/R0048/step2.jpg', 2, 2),
(250, 'R0048', 'step', 'assets/recipes/R0048/step3.jpg', 3, 3),
(251, 'R0048', 'step', 'assets/recipes/R0048/step4.jpg', 4, 4),
(252, 'R0049', 'cover', 'assets/recipes/R0049/cover.jpeg', 0, NULL),
(253, 'R0049', 'step', 'assets/recipes/R0049/step1.jpeg', 1, 1),
(254, 'R0049', 'step', 'assets/recipes/R0049/step2.jpeg', 2, 2),
(255, 'R0049', 'step', 'assets/recipes/R0049/step3.jpeg', 3, 3),
(256, 'R0049', 'step', 'assets/recipes/R0049/step4.jpeg', 4, 4),
(257, 'R0050', 'cover', 'assets/recipes/R0050/cover.jpg', 0, NULL),
(258, 'R0050', 'step', 'assets/recipes/R0050/step1.jpg', 1, 1),
(259, 'R0050', 'step', 'assets/recipes/R0050/step2.jpg', 2, 2),
(260, 'R0050', 'step', 'assets/recipes/R0050/step3.jpg', 3, 3),
(261, 'R0051', 'cover', 'assets/recipes/R0051/cover.jpeg', 0, NULL),
(262, 'R0051', 'step', 'assets/recipes/R0051/step1.jpeg', 1, 1),
(263, 'R0051', 'step', 'assets/recipes/R0051/step2.jpeg', 2, 2),
(264, 'R0051', 'step', 'assets/recipes/R0051/step3.jpeg', 3, 3),
(265, 'R0052', 'cover', 'assets/recipes/R0052/cover.jpg', 0, NULL),
(266, 'R0052', 'step', 'assets/recipes/R0052/step1.jpg', 1, 1),
(267, 'R0052', 'step', 'assets/recipes/R0052/step2.jpg', 2, 2),
(268, 'R0052', 'step', 'assets/recipes/R0052/step3.jpg', 3, 3),
(269, 'R0053', 'cover', 'assets/recipes/R0053/cover.jpg', 0, NULL),
(270, 'R0053', 'step', 'assets/recipes/R0053/step1.jpg', 1, 1),
(271, 'R0053', 'step', 'assets/recipes/R0053/step2.jpg', 2, 2),
(272, 'R0053', 'step', 'assets/recipes/R0053/step3.jpg', 3, 3),
(273, 'R0053', 'step', 'assets/recipes/R0053/step4.jpg', 4, 4),
(274, 'R0054', 'cover', 'assets/recipes/R0054/cover.jpg', 0, NULL),
(275, 'R0054', 'step', 'assets/recipes/R0054/step1.jpg', 1, 1),
(276, 'R0054', 'step', 'assets/recipes/R0054/step2.jpg', 2, 2),
(277, 'R0055', 'cover', 'assets/recipes/R0055/cover.jpg', 0, NULL),
(278, 'R0055', 'step', 'assets/recipes/R0055/step1.jpg', 1, 1),
(279, 'R0055', 'step', 'assets/recipes/R0055/step2.jpg', 2, 2),
(280, 'R0055', 'step', 'assets/recipes/R0055/step3.jpg', 3, 3),
(281, 'R0055', 'step', 'assets/recipes/R0055/step4.jpg', 4, 4);

INSERT INTO `tag` (`tag_id`, `tag_name`, `tag_type`, `description`) VALUES
(1, '热菜', '菜品类型', ''),
(2, '酸甜', '口味', ''),
(3, '炒', '做法', ''),
(4, '新手', '难度', ''),
(5, '低卡', '热量等级', ''),
(6, '低脂', '健康', ''),
(7, '四季通用', '季节', ''),
(8, '早餐', '场景', ''),
(9, '减脂', '场景', ''),
(10, '无', '节日', ''),
(11, '清淡', '口味', ''),
(12, '蒸', '做法', ''),
(13, '简单', '难度', ''),
(14, '降压', '健康', ''),
(15, '滋补', '健康', ''),
(16, '养生', '场景', ''),
(17, '年夜饭', '节日', ''),
(18, '凉菜', '菜品类型', ''),
(19, '凉拌', '做法', ''),
(20, '超低卡', '热量等级', ''),
(21, '低卡', '健康', ''),
(22, '清火', '健康', ''),
(23, '夏', '季节', ''),
(24, '汤羹', '菜品类型', ''),
(25, '煮', '做法', ''),
(26, '控糖', '健康', ''),
(27, '养胃', '健康', ''),
(28, '咸鲜', '口味', ''),
(29, '春', '季节', ''),
(30, '炖', '做法', ''),
(31, '中等', '难度', ''),
(32, '经期适用', '健康', ''),
(33, '冬', '季节', ''),
(34, '生理期', '场景', ''),
(35, '春节', '节日', ''),
(36, '秋', '季节', ''),
(37, '焖', '做法', ''),
(38, '中热量', '热量等级', ''),
(39, '家庭正餐', '场景', ''),
(40, '中秋', '节日', ''),
(41, '午餐', '场景', ''),
(42, '晚餐', '场景', ''),
(43, '麻辣', '口味', ''),
(44, '烧', '做法', ''),
(45, '高蛋白', '健康', ''),
(46, '聚餐', '场景', ''),
(47, '酸辣', '口味', ''),
(48, '高纤维', '健康', ''),
(49, '开胃', '场景', ''),
(50, '香甜', '口味', ''),
(51, '抗氧化', '健康', ''),
(52, '小吃', '菜品类型', ''),
(53, '咸香', '口味', ''),
(54, '卤', '做法', ''),
(55, '加餐', '场景', ''),
(56, '宵夜', '场景', ''),
(57, '煎', '做法', ''),
(58, '减脂', '健康', ''),
(59, '养胃', '场景', ''),
(60, '鱼香', '口味', ''),
(61, '中卡', '热量等级', ''),
(62, '饮品/早餐', '菜品类型', ''),
(63, '清肠', '健康', ''),
(64, '酱香', '口味', ''),
(65, '甜品/早餐', '菜品类型', ''),
(66, '下午茶', '场景', ''),
(67, '麻辣鲜香', '口味', ''),
(68, '补铁', '健康', ''),
(69, '主食', '菜品类型', ''),
(70, '麦香', '口味', ''),
(71, '烤', '做法', ''),
(72, '补锌', '健康', ''),
(73, '全年', '季节', ''),
(74, '家常便饭', '场景', ''),
(75, '朋友聚餐', '场景', ''),
(76, '下酒小菜', '场景', ''),
(77, '宴客菜', '场景', ''),
(78, '中秋节', '节日', ''),
(79, '国庆节', '节日', ''),
(80, '周末家宴', '节日', ''),
(81, '健脾', '健康', ''),
(82, '健脾', '场景', ''),
(83, '祛湿', '健康', ''),
(84, '祛湿', '场景', ''),
(85, '养颜', '健康', ''),
(86, '润肺', '健康', ''),
(87, '甜品', '菜品类型', ''),
(88, '高卡', '热量等级', ''),
(89, '高钙', '健康', ''),
(90, '甜品', '场景', ''),
(91, '开胃', '健康', ''),
(92, '产后', '场景', ''),
(93, '甜品/小吃', '菜品类型', ''),
(94, '高能量', '健康', ''),
(95, '宴客', '场景', ''),
(96, '国庆', '节日', '');

INSERT INTO `recipe_tag` (`id`, `recipe_id`, `tag_id`) VALUES
(1, 'R0001', 1),
(2, 'R0001', 2),
(3, 'R0001', 3),
(4, 'R0001', 4),
(5, 'R0001', 5),
(6, 'R0001', 6),
(7, 'R0001', 7),
(8, 'R0001', 8),
(9, 'R0001', 9),
(10, 'R0001', 10),
(11, 'R0002', 1),
(12, 'R0002', 11),
(13, 'R0002', 12),
(14, 'R0002', 13),
(15, 'R0002', 5),
(16, 'R0002', 14),
(17, 'R0002', 6),
(18, 'R0002', 15),
(19, 'R0002', 7),
(20, 'R0002', 9),
(21, 'R0002', 16),
(22, 'R0002', 17),
(23, 'R0003', 18),
(24, 'R0003', 11),
(25, 'R0003', 19),
(26, 'R0003', 4),
(27, 'R0003', 20),
(28, 'R0003', 21),
(29, 'R0003', 6),
(30, 'R0003', 22),
(31, 'R0003', 23),
(32, 'R0003', 9),
(33, 'R0003', 8),
(34, 'R0003', 10),
(35, 'R0004', 24),
(36, 'R0004', 11),
(37, 'R0004', 25),
(38, 'R0004', 13),
(39, 'R0004', 5),
(40, 'R0004', 26),
(41, 'R0004', 14),
(42, 'R0004', 27),
(43, 'R0004', 7),
(44, 'R0004', 8),
(45, 'R0004', 16),
(46, 'R0004', 10),
(47, 'R0005', 1),
(48, 'R0005', 28),
(49, 'R0005', 3),
(50, 'R0005', 4),
(51, 'R0005', 5),
(52, 'R0005', 15),
(53, 'R0005', 29),
(54, 'R0005', 8),
(55, 'R0005', 10),
(56, 'R0006', 24),
(57, 'R0006', 28),
(58, 'R0006', 30),
(59, 'R0006', 31),
(60, 'R0006', 5),
(61, 'R0006', 15),
(62, 'R0006', 32),
(63, 'R0006', 27),
(64, 'R0006', 33),
(65, 'R0006', 34),
(66, 'R0006', 16),
(67, 'R0006', 35),
(68, 'R0007', 1),
(69, 'R0007', 11),
(70, 'R0007', 3),
(71, 'R0007', 4),
(72, 'R0007', 20),
(73, 'R0007', 21),
(74, 'R0007', 14),
(75, 'R0007', 6),
(76, 'R0007', 22),
(77, 'R0007', 29),
(78, 'R0007', 36),
(79, 'R0007', 9),
(80, 'R0007', 16),
(81, 'R0007', 10),
(82, 'R0008', 1),
(83, 'R0008', 28),
(84, 'R0008', 37),
(85, 'R0008', 13),
(86, 'R0008', 5),
(87, 'R0008', 6),
(88, 'R0008', 29),
(89, 'R0008', 16),
(90, 'R0008', 10),
(91, 'R0009', 18),
(92, 'R0009', 11),
(93, 'R0009', 25),
(94, 'R0009', 4),
(95, 'R0009', 20),
(96, 'R0009', 21),
(97, 'R0009', 6),
(98, 'R0009', 14),
(99, 'R0009', 22),
(100, 'R0009', 29),
(101, 'R0009', 23),
(102, 'R0009', 9),
(103, 'R0009', 16),
(104, 'R0009', 10),
(105, 'R0010', 1),
(106, 'R0010', 28),
(107, 'R0010', 37),
(108, 'R0010', 31),
(109, 'R0010', 38),
(110, 'R0010', 15),
(111, 'R0010', 7),
(112, 'R0010', 39),
(113, 'R0010', 17),
(114, 'R0010', 40),
(115, 'R0011', 24),
(116, 'R0011', 11),
(117, 'R0011', 25),
(118, 'R0011', 13),
(119, 'R0011', 5),
(120, 'R0011', 21),
(121, 'R0011', 6),
(122, 'R0011', 27),
(123, 'R0011', 22),
(124, 'R0011', 23),
(125, 'R0011', 36),
(126, 'R0011', 41),
(127, 'R0011', 42),
(128, 'R0011', 9),
(129, 'R0011', 10),
(130, 'R0012', 1),
(131, 'R0012', 43),
(132, 'R0012', 44),
(133, 'R0012', 13),
(134, 'R0012', 5),
(135, 'R0012', 45),
(136, 'R0012', 6),
(137, 'R0012', 7),
(138, 'R0012', 41),
(139, 'R0012', 42),
(140, 'R0012', 46),
(141, 'R0012', 10),
(142, 'R0013', 18),
(143, 'R0013', 47),
(144, 'R0013', 19),
(145, 'R0013', 4),
(146, 'R0013', 20),
(147, 'R0013', 21),
(148, 'R0013', 6),
(149, 'R0013', 14),
(150, 'R0013', 48),
(151, 'R0013', 23),
(152, 'R0013', 36),
(153, 'R0013', 9),
(154, 'R0013', 42),
(155, 'R0013', 49),
(156, 'R0013', 10),
(157, 'R0014', 1),
(158, 'R0014', 28),
(159, 'R0014', 12),
(160, 'R0014', 13),
(161, 'R0014', 5),
(162, 'R0014', 6),
(163, 'R0014', 45),
(164, 'R0014', 15),
(165, 'R0014', 7),
(166, 'R0014', 41),
(167, 'R0014', 42),
(168, 'R0014', 16),
(169, 'R0014', 10),
(170, 'R0015', 24),
(171, 'R0015', 50),
(172, 'R0015', 25),
(173, 'R0015', 13),
(174, 'R0015', 5),
(175, 'R0015', 26),
(176, 'R0015', 48),
(177, 'R0015', 27),
(178, 'R0015', 7),
(179, 'R0015', 8),
(180, 'R0015', 9),
(181, 'R0015', 16),
(182, 'R0015', 10),
(183, 'R0016', 1),
(184, 'R0016', 11),
(185, 'R0016', 3),
(186, 'R0016', 4),
(187, 'R0016', 20),
(188, 'R0016', 21),
(189, 'R0016', 6),
(190, 'R0016', 48),
(191, 'R0016', 51),
(192, 'R0016', 7),
(193, 'R0016', 9),
(194, 'R0016', 42),
(195, 'R0016', 16),
(196, 'R0016', 10),
(197, 'R0017', 52),
(198, 'R0017', 53),
(199, 'R0017', 54),
(200, 'R0017', 13),
(201, 'R0017', 5),
(202, 'R0017', 45),
(203, 'R0017', 6),
(204, 'R0017', 7),
(205, 'R0017', 8),
(206, 'R0017', 55),
(207, 'R0017', 56),
(208, 'R0017', 10),
(209, 'R0018', 24),
(210, 'R0018', 2),
(211, 'R0018', 30),
(212, 'R0018', 31),
(213, 'R0018', 5),
(214, 'R0018', 45),
(215, 'R0018', 6),
(216, 'R0018', 27),
(217, 'R0018', 15),
(218, 'R0018', 36),
(219, 'R0018', 33),
(220, 'R0018', 41),
(221, 'R0018', 42),
(222, 'R0018', 16),
(223, 'R0018', 46),
(224, 'R0018', 35),
(225, 'R0019', 18),
(226, 'R0019', 11),
(227, 'R0019', 19),
(228, 'R0019', 4),
(229, 'R0019', 20),
(230, 'R0019', 21),
(231, 'R0019', 6),
(232, 'R0019', 45),
(233, 'R0019', 27),
(234, 'R0019', 7),
(235, 'R0019', 9),
(236, 'R0019', 8),
(237, 'R0019', 42),
(238, 'R0019', 10),
(239, 'R0020', 1),
(240, 'R0020', 28),
(241, 'R0020', 57),
(242, 'R0020', 13),
(243, 'R0020', 5),
(244, 'R0020', 45),
(245, 'R0020', 6),
(246, 'R0020', 58),
(247, 'R0020', 7),
(248, 'R0020', 9),
(249, 'R0020', 41),
(250, 'R0020', 42),
(251, 'R0020', 10),
(252, 'R0021', 24),
(253, 'R0021', 11),
(254, 'R0021', 25),
(255, 'R0021', 4),
(256, 'R0021', 5),
(257, 'R0021', 27),
(258, 'R0021', 26),
(259, 'R0021', 6),
(260, 'R0021', 7),
(261, 'R0021', 8),
(262, 'R0021', 16),
(263, 'R0021', 59),
(264, 'R0021', 10),
(265, 'R0022', 1),
(266, 'R0022', 60),
(267, 'R0022', 3),
(268, 'R0022', 31),
(269, 'R0022', 5),
(270, 'R0022', 45),
(271, 'R0022', 6),
(272, 'R0022', 7),
(273, 'R0022', 41),
(274, 'R0022', 42),
(275, 'R0022', 46),
(276, 'R0022', 10),
(277, 'R0023', 18),
(278, 'R0023', 2),
(279, 'R0023', 19),
(280, 'R0023', 4),
(281, 'R0023', 5),
(282, 'R0023', 21),
(283, 'R0023', 6),
(284, 'R0023', 22),
(285, 'R0023', 48),
(286, 'R0023', 23),
(287, 'R0023', 36),
(288, 'R0023', 9),
(289, 'R0023', 42),
(290, 'R0023', 49),
(291, 'R0023', 10),
(292, 'R0024', 1),
(293, 'R0024', 28),
(294, 'R0024', 12),
(295, 'R0024', 13),
(296, 'R0024', 61),
(297, 'R0024', 45),
(298, 'R0024', 15),
(299, 'R0024', 7),
(300, 'R0024', 41);

INSERT INTO `recipe_tag` (`id`, `recipe_id`, `tag_id`) VALUES
(301, 'R0024', 42),
(302, 'R0024', 46),
(303, 'R0024', 35),
(304, 'R0024', 17),
(305, 'R0025', 62),
(306, 'R0025', 50),
(307, 'R0025', 25),
(308, 'R0025', 4),
(309, 'R0025', 5),
(310, 'R0025', 26),
(311, 'R0025', 48),
(312, 'R0025', 45),
(313, 'R0025', 7),
(314, 'R0025', 8),
(315, 'R0025', 9),
(316, 'R0025', 55),
(317, 'R0025', 10),
(318, 'R0026', 1),
(319, 'R0026', 28),
(320, 'R0026', 3),
(321, 'R0026', 13),
(322, 'R0026', 5),
(323, 'R0026', 6),
(324, 'R0026', 48),
(325, 'R0026', 7),
(326, 'R0026', 41),
(327, 'R0026', 42),
(328, 'R0026', 10),
(329, 'R0027', 18),
(330, 'R0027', 47),
(331, 'R0027', 19),
(332, 'R0027', 4),
(333, 'R0027', 20),
(334, 'R0027', 21),
(335, 'R0027', 6),
(336, 'R0027', 48),
(337, 'R0027', 63),
(338, 'R0027', 7),
(339, 'R0027', 9),
(340, 'R0027', 42),
(341, 'R0027', 49),
(342, 'R0027', 10),
(343, 'R0028', 24),
(344, 'R0028', 11),
(345, 'R0028', 30),
(346, 'R0028', 13),
(347, 'R0028', 5),
(348, 'R0028', 21),
(349, 'R0028', 6),
(350, 'R0028', 27),
(351, 'R0028', 22),
(352, 'R0028', 23),
(353, 'R0028', 36),
(354, 'R0028', 41),
(355, 'R0028', 42),
(356, 'R0028', 16),
(357, 'R0028', 10),
(358, 'R0029', 18),
(359, 'R0029', 11),
(360, 'R0029', 19),
(361, 'R0029', 4),
(362, 'R0029', 20),
(363, 'R0029', 21),
(364, 'R0029', 6),
(365, 'R0029', 48),
(366, 'R0029', 58),
(367, 'R0029', 7),
(368, 'R0029', 9),
(369, 'R0029', 8),
(370, 'R0029', 42),
(371, 'R0029', 10),
(372, 'R0030', 1),
(373, 'R0030', 64),
(374, 'R0030', 44),
(375, 'R0030', 13),
(376, 'R0030', 5),
(377, 'R0030', 45),
(378, 'R0030', 6),
(379, 'R0030', 7),
(380, 'R0030', 41),
(381, 'R0030', 42),
(382, 'R0030', 10),
(383, 'R0031', 1),
(384, 'R0031', 28),
(385, 'R0031', 3),
(386, 'R0031', 4),
(387, 'R0031', 20),
(388, 'R0031', 21),
(389, 'R0031', 6),
(390, 'R0031', 48),
(391, 'R0031', 23),
(392, 'R0031', 36),
(393, 'R0031', 9),
(394, 'R0031', 42),
(395, 'R0031', 16),
(396, 'R0031', 10),
(397, 'R0032', 65),
(398, 'R0032', 50),
(399, 'R0032', 19),
(400, 'R0032', 4),
(401, 'R0032', 5),
(402, 'R0032', 26),
(403, 'R0032', 48),
(404, 'R0032', 45),
(405, 'R0032', 7),
(406, 'R0032', 8),
(407, 'R0032', 9),
(408, 'R0032', 66),
(409, 'R0032', 10),
(410, 'R0033', 1),
(411, 'R0033', 67),
(412, 'R0033', 3),
(413, 'R0033', 31),
(414, 'R0033', 5),
(415, 'R0033', 45),
(416, 'R0033', 6),
(417, 'R0033', 7),
(418, 'R0033', 41),
(419, 'R0033', 42),
(420, 'R0033', 46),
(421, 'R0033', 10),
(422, 'R0034', 18),
(423, 'R0034', 11),
(424, 'R0034', 19),
(425, 'R0034', 4),
(426, 'R0034', 20),
(427, 'R0034', 21),
(428, 'R0034', 6),
(429, 'R0034', 48),
(430, 'R0034', 68),
(431, 'R0034', 29),
(432, 'R0034', 23),
(433, 'R0034', 9),
(434, 'R0034', 42),
(435, 'R0034', 16),
(436, 'R0034', 10),
(437, 'R0035', 24),
(438, 'R0035', 28),
(439, 'R0035', 30),
(440, 'R0035', 13),
(441, 'R0035', 5),
(442, 'R0035', 45),
(443, 'R0035', 6),
(444, 'R0035', 15),
(445, 'R0035', 27),
(446, 'R0035', 36),
(447, 'R0035', 33),
(448, 'R0035', 41),
(449, 'R0035', 42),
(450, 'R0035', 16),
(451, 'R0035', 34),
(452, 'R0035', 35),
(453, 'R0036', 1),
(454, 'R0036', 11),
(455, 'R0036', 3),
(456, 'R0036', 4),
(457, 'R0036', 20),
(458, 'R0036', 21),
(459, 'R0036', 6),
(460, 'R0036', 48),
(461, 'R0036', 22),
(462, 'R0036', 7),
(463, 'R0036', 9),
(464, 'R0036', 42),
(465, 'R0036', 16),
(466, 'R0036', 10),
(467, 'R0037', 69),
(468, 'R0037', 70),
(469, 'R0037', 71),
(470, 'R0037', 31),
(471, 'R0037', 61),
(472, 'R0037', 26),
(473, 'R0037', 48),
(474, 'R0037', 6),
(475, 'R0037', 7),
(476, 'R0037', 8),
(477, 'R0037', 9),
(478, 'R0037', 55),
(479, 'R0037', 10),
(480, 'R0038', 18),
(481, 'R0038', 47),
(482, 'R0038', 19),
(483, 'R0038', 4),
(484, 'R0038', 5),
(485, 'R0038', 21),
(486, 'R0038', 6),
(487, 'R0038', 48),
(488, 'R0038', 7),
(489, 'R0038', 9),
(490, 'R0038', 42),
(491, 'R0038', 49),
(492, 'R0038', 10),
(493, 'R0039', 1),
(494, 'R0039', 28),
(495, 'R0039', 71),
(496, 'R0039', 4),
(497, 'R0039', 5),
(498, 'R0039', 6),
(499, 'R0039', 45),
(500, 'R0039', 68),
(501, 'R0039', 72),
(502, 'R0039', 73),
(503, 'R0039', 74),
(504, 'R0039', 75),
(505, 'R0039', 76),
(506, 'R0039', 77),
(507, 'R0039', 35),
(508, 'R0039', 78),
(509, 'R0039', 79),
(510, 'R0039', 80),
(511, 'R0040', 24),
(512, 'R0040', 11),
(513, 'R0040', 30),
(514, 'R0040', 13),
(515, 'R0040', 5),
(516, 'R0040', 6),
(517, 'R0040', 27),
(518, 'R0040', 15),
(519, 'R0040', 81),
(520, 'R0040', 36),
(521, 'R0040', 33),
(522, 'R0040', 41),
(523, 'R0040', 42),
(524, 'R0040', 16),
(525, 'R0040', 82),
(526, 'R0040', 10),
(527, 'R0041', 1),
(528, 'R0041', 11),
(529, 'R0041', 3),
(530, 'R0041', 4),
(531, 'R0041', 20),
(532, 'R0041', 21),
(533, 'R0041', 6),
(534, 'R0041', 48),
(535, 'R0041', 22),
(536, 'R0041', 29),
(537, 'R0041', 36),
(538, 'R0041', 9),
(539, 'R0041', 42),
(540, 'R0041', 16),
(541, 'R0041', 10),
(542, 'R0042', 65),
(543, 'R0042', 50),
(544, 'R0042', 57),
(545, 'R0042', 13),
(546, 'R0042', 61),
(547, 'R0042', 26),
(548, 'R0042', 48),
(549, 'R0042', 7),
(550, 'R0042', 8),
(551, 'R0042', 66),
(552, 'R0042', 9),
(553, 'R0042', 10),
(554, 'R0043', 18),
(555, 'R0043', 28),
(556, 'R0043', 19),
(557, 'R0043', 4),
(558, 'R0043', 20),
(559, 'R0043', 21),
(560, 'R0043', 6),
(561, 'R0043', 45),
(562, 'R0043', 48),
(563, 'R0043', 7),
(564, 'R0043', 9),
(565, 'R0043', 42),
(566, 'R0043', 49),
(567, 'R0043', 10),
(568, 'R0044', 24),
(569, 'R0044', 11),
(570, 'R0044', 30),
(571, 'R0044', 13),
(572, 'R0044', 5),
(573, 'R0044', 21),
(574, 'R0044', 6),
(575, 'R0044', 83),
(576, 'R0044', 27),
(577, 'R0044', 23),
(578, 'R0044', 36),
(579, 'R0044', 41),
(580, 'R0044', 42),
(581, 'R0044', 16),
(582, 'R0044', 84),
(583, 'R0044', 10),
(584, 'R0045', 1),
(585, 'R0045', 11),
(586, 'R0045', 3),
(587, 'R0045', 4),
(588, 'R0045', 20),
(589, 'R0045', 21),
(590, 'R0045', 6),
(591, 'R0045', 48),
(592, 'R0045', 22),
(593, 'R0045', 23),
(594, 'R0045', 36),
(595, 'R0045', 9),
(596, 'R0045', 42),
(597, 'R0045', 16),
(598, 'R0045', 10),
(599, 'R0046', 1),
(600, 'R0046', 64);

INSERT INTO `recipe_tag` (`id`, `recipe_id`, `tag_id`) VALUES
(601, 'R0046', 44),
(602, 'R0046', 31),
(603, 'R0046', 61),
(604, 'R0046', 45),
(605, 'R0046', 15),
(606, 'R0046', 7),
(607, 'R0046', 41),
(608, 'R0046', 42),
(609, 'R0046', 46),
(610, 'R0046', 35),
(611, 'R0046', 17),
(612, 'R0047', 18),
(613, 'R0047', 2),
(614, 'R0047', 19),
(615, 'R0047', 4),
(616, 'R0047', 20),
(617, 'R0047', 21),
(618, 'R0047', 6),
(619, 'R0047', 48),
(620, 'R0047', 51),
(621, 'R0047', 23),
(622, 'R0047', 36),
(623, 'R0047', 9),
(624, 'R0047', 8),
(625, 'R0047', 49),
(626, 'R0047', 10),
(627, 'R0048', 24),
(628, 'R0048', 50),
(629, 'R0048', 30),
(630, 'R0048', 13),
(631, 'R0048', 5),
(632, 'R0048', 21),
(633, 'R0048', 6),
(634, 'R0048', 85),
(635, 'R0048', 86),
(636, 'R0048', 36),
(637, 'R0048', 33),
(638, 'R0048', 16),
(639, 'R0048', 66),
(640, 'R0048', 34),
(641, 'R0048', 10),
(642, 'R0049', 1),
(643, 'R0049', 11),
(644, 'R0049', 3),
(645, 'R0049', 4),
(646, 'R0049', 20),
(647, 'R0049', 21),
(648, 'R0049', 6),
(649, 'R0049', 48),
(650, 'R0049', 51),
(651, 'R0049', 29),
(652, 'R0049', 23),
(653, 'R0049', 9),
(654, 'R0049', 42),
(655, 'R0049', 16),
(656, 'R0049', 10),
(657, 'R0050', 87),
(658, 'R0050', 50),
(659, 'R0050', 71),
(660, 'R0050', 13),
(661, 'R0050', 88),
(662, 'R0050', 45),
(663, 'R0050', 89),
(664, 'R0050', 7),
(665, 'R0050', 66),
(666, 'R0050', 90),
(667, 'R0050', 46),
(668, 'R0050', 10),
(669, 'R0051', 18),
(670, 'R0051', 47),
(671, 'R0051', 19),
(672, 'R0051', 4),
(673, 'R0051', 20),
(674, 'R0051', 21),
(675, 'R0051', 6),
(676, 'R0051', 48),
(677, 'R0051', 91),
(678, 'R0051', 33),
(679, 'R0051', 29),
(680, 'R0051', 9),
(681, 'R0051', 42),
(682, 'R0051', 49),
(683, 'R0051', 10),
(684, 'R0052', 24),
(685, 'R0052', 28),
(686, 'R0052', 30),
(687, 'R0052', 31),
(688, 'R0052', 5),
(689, 'R0052', 45),
(690, 'R0052', 6),
(691, 'R0052', 15),
(692, 'R0052', 32),
(693, 'R0052', 36),
(694, 'R0052', 33),
(695, 'R0052', 16),
(696, 'R0052', 34),
(697, 'R0052', 92),
(698, 'R0052', 10),
(699, 'R0053', 93),
(700, 'R0053', 50),
(701, 'R0053', 71),
(702, 'R0053', 31),
(703, 'R0053', 88),
(704, 'R0053', 45),
(705, 'R0053', 94),
(706, 'R0053', 7),
(707, 'R0053', 66),
(708, 'R0053', 90),
(709, 'R0053', 55),
(710, 'R0053', 10),
(711, 'R0054', 1),
(712, 'R0054', 11),
(713, 'R0054', 3),
(714, 'R0054', 4),
(715, 'R0054', 20),
(716, 'R0054', 21),
(717, 'R0054', 6),
(718, 'R0054', 48),
(719, 'R0054', 22),
(720, 'R0054', 7),
(721, 'R0054', 9),
(722, 'R0054', 42),
(723, 'R0054', 16),
(724, 'R0054', 10),
(725, 'R0055', 1),
(726, 'R0055', 28),
(727, 'R0055', 12),
(728, 'R0055', 4),
(729, 'R0055', 5),
(730, 'R0055', 6),
(731, 'R0055', 45),
(732, 'R0055', 72),
(733, 'R0055', 15),
(734, 'R0055', 7),
(735, 'R0055', 39),
(736, 'R0055', 95),
(737, 'R0055', 9),
(738, 'R0055', 17),
(739, 'R0055', 40),
(740, 'R0055', 96);

SET FOREIGN_KEY_CHECKS = 1;


-- 导入后校验
SELECT 'recipe' AS table_name, COUNT(*) AS row_count FROM recipe
UNION ALL SELECT 'ingredient', COUNT(*) FROM ingredient
UNION ALL SELECT 'recipe_ingredient', COUNT(*) FROM recipe_ingredient
UNION ALL SELECT 'recipe_step', COUNT(*) FROM recipe_step
UNION ALL SELECT 'recipe_image', COUNT(*) FROM recipe_image
UNION ALL SELECT 'tag', COUNT(*) FROM tag
UNION ALL SELECT 'recipe_tag', COUNT(*) FROM recipe_tag;
